"","pvalues","diffs","index","Gene_ID","bh","significant"
"1",0.000963939668232454,6.20971869877027,470,"ENSG00000138640",4.95540138751239e-05,TRUE
"2",0.000963939668232454,6.91278565289623,927,"ENSG00000198791",4.95540138751239e-05,TRUE
"3",0.00105041502668097,-6.94172338042696,394,"ENSG00000131374",4.95540138751239e-05,TRUE
"4",0.00234307129626729,5.95261648266479,505,"ENSG00000143469",4.95540138751239e-05,TRUE
"5",0.00366230661436139,7.27880713024515,999,"ENSG00000272047",4.95540138751239e-05,TRUE
"6",0.00426981264882778,7.66609193973139,700,"ENSG00000165309",4.95540138751239e-05,TRUE
"7",0.00460663172135082,6.3585924772238,455,"ENSG00000137831",4.95540138751239e-05,TRUE
"8",0.00509313005564958,7.27554162551607,310,"ENSG00000117505",4.95540138751239e-05,TRUE
"9",0.0062078033545699,-4.71108452310491,475,"ENSG00000138759",4.95540138751239e-05,TRUE
"10",0.00651878035211835,4.87517016040827,845,"ENSG00000185658",4.95540138751239e-05,TRUE
"11",0.00735839762000748,5.72426828698101,766,"ENSG00000172845",4.95540138751239e-05,TRUE
"12",0.0077205556691931,3.98889859670157,526,"ENSG00000145012",4.95540138751239e-05,TRUE
"13",0.0077205556691931,-4.5945844424504,528,"ENSG00000145362",4.95540138751239e-05,TRUE
"14",0.0077205556691931,7.32967756812309,678,"ENSG00000164134",4.95540138751239e-05,TRUE
"15",0.00790755759952373,2.66985020007948,984,"ENSG00000245532",4.95540138751239e-05,TRUE
"16",0.00869678638369657,4.53105464056321,517,"ENSG00000144426",4.95540138751239e-05,TRUE
"17",0.0097818897633397,4.74241972596498,214,"ENSG00000105855",4.95540138751239e-05,TRUE
"18",0.0097818897633397,-5.75433306585943,597,"ENSG00000153707",4.95540138751239e-05,TRUE
"19",0.0112421152986059,4.57472753142384,546,"ENSG00000147364",4.95540138751239e-05,TRUE
"20",0.0115034665933628,7.17084888871588,511,"ENSG00000144036",4.95540138751239e-05,TRUE
"21",0.0115034665933628,-6.48271906346734,981,"ENSG00000243069",4.95540138751239e-05,TRUE
"22",0.0117701960402101,3.41192116177998,108,"ENSG00000077232",4.95540138751239e-05,TRUE
"23",0.0120423966255416,5.22793982206376,489,"ENSG00000140575",4.95540138751239e-05,TRUE
"24",0.0147543388987724,5.93940468163277,798,"ENSG00000177694",4.95540138751239e-05,TRUE
"25",0.0147543388987724,4.00438667487668,841,"ENSG00000185278",4.95540138751239e-05,TRUE
"26",0.0150866294371248,3.94571848573965,554,"ENSG00000148187",4.95540138751239e-05,TRUE
"27",0.0161233745437824,3.77346962119818,333,"ENSG00000120071",4.95540138751239e-05,TRUE
"28",0.01648261020521,5.22689669658886,300,"ENSG00000116095",4.95540138751239e-05,TRUE
"29",0.0168488573644242,3.85070772282299,115,"ENSG00000078304",4.95540138751239e-05,TRUE
"30",0.0168488573644242,3.88758047889286,533,"ENSG00000145743",4.95540138751239e-05,TRUE
"31",0.0172222286103469,4.20039551595556,58,"ENSG00000053524",4.95540138751239e-05,TRUE
"32",0.0172222286103469,4.73562276482667,417,"ENSG00000133858",4.95540138751239e-05,TRUE
"33",0.0183862315985746,3.52057583228877,158,"ENSG00000091656",4.95540138751239e-05,TRUE
"34",0.0183862315985746,4.35445484242866,423,"ENSG00000134744",4.95540138751239e-05,TRUE
"35",0.0187892502142989,3.21151127342569,748,"ENSG00000170776",4.95540138751239e-05,TRUE
"36",0.0191999747258024,-2.59214224377724,365,"ENSG00000124942",4.95540138751239e-05,TRUE
"37",0.0191999747258024,4.57606656786179,857,"ENSG00000188107",4.95540138751239e-05,TRUE
"38",0.019618525277426,3.26348922053763,91,"ENSG00000070367",4.95540138751239e-05,TRUE
"39",0.019618525277426,4.81021054275068,947,"ENSG00000206530",4.95540138751239e-05,TRUE
"40",0.0200450232761331,6.7902803888342,143,"ENSG00000085832",4.95540138751239e-05,TRUE
"41",0.0204795913916381,5.14328810915318,315,"ENSG00000118200",4.95540138751239e-05,TRUE
"42",0.0204795913916381,4.19650023331251,710,"ENSG00000166004",4.95540138751239e-05,TRUE
"43",0.0204795913916381,5.86228899605408,907,"ENSG00000198162",4.95540138751239e-05,TRUE
"44",0.0204795913916381,3.041416606663,1002,"ENSG00000278259",4.95540138751239e-05,TRUE
"45",0.0209223535562046,4.40309645765766,59,"ENSG00000053900",4.95540138751239e-05,TRUE
"46",0.0218329620707676,-2.38460577766634,816,"ENSG00000181143",4.95540138751239e-05,TRUE
"47",0.0232635010262329,6.6766880974728,336,"ENSG00000120800",4.95540138751239e-05,TRUE
"48",0.024261797120132,3.24305815659423,495,"ENSG00000141458",4.95540138751239e-05,TRUE
"49",0.0252970177447025,-3.1938108234646,618,"ENSG00000156011",4.95540138751239e-05,TRUE
"50",0.0258288136024011,4.29050207028892,607,"ENSG00000154265",4.95540138751239e-05,TRUE
"51",0.0263702496872161,5.41763814218308,7,"ENSG00000005700",4.95540138751239e-05,TRUE
"52",0.0263702496872161,3.72236312455664,46,"ENSG00000048052",4.95540138751239e-05,TRUE
"53",0.0269214649382619,2.94364210813067,353,"ENSG00000123636",4.95540138751239e-05,TRUE
"54",0.0269214649382619,4.68391203965029,640,"ENSG00000158711",4.95540138751239e-05,TRUE
"55",0.0280537948262335,6.47377446867703,468,"ENSG00000138468",4.95540138751239e-05,TRUE
"56",0.0286351934553757,4.04537859992946,12,"ENSG00000008952",4.95540138751239e-05,TRUE
"57",0.0286351934553757,3.76329631139328,389,"ENSG00000130779",4.95540138751239e-05,TRUE
"58",0.0286351934553757,4.08494878918462,588,"ENSG00000152409",4.95540138751239e-05,TRUE
"59",0.0286351934553757,5.1844194212696,777,"ENSG00000173744",4.95540138751239e-05,TRUE
"60",0.0304420534363622,1.77217455276606,626,"ENSG00000157106",4.95540138751239e-05,TRUE
"61",0.0310657154951268,2.10214753884827,210,"ENSG00000105339",4.95540138751239e-05,TRUE
"62",0.0310657154951268,3.77935997157648,253,"ENSG00000111581",4.95540138751239e-05,TRUE
"63",0.031700311902998,4.29708162846132,565,"ENSG00000150637",4.95540138751239e-05,TRUE
"64",0.0330029079388196,3.50940362443616,138,"ENSG00000084453",4.95540138751239e-05,TRUE
"65",0.0330029079388196,4.22296529728094,741,"ENSG00000169851",4.95540138751239e-05,TRUE
"66",0.0357459786741843,4.51785270863406,995,"ENSG00000265491",4.95540138751239e-05,TRUE
"67",0.0364613730252429,3.93929120243498,642,"ENSG00000159086",4.95540138751239e-05,TRUE
"68",0.0371889317429104,-2.30572080362511,388,"ENSG00000130508",4.95540138751239e-05,TRUE
"69",0.0379288135919814,3.90747328045112,55,"ENSG00000050628",4.95540138751239e-05,TRUE
"70",0.0379288135919814,4.35171399238421,631,"ENSG00000157741",4.95540138751239e-05,TRUE
"71",0.0379288135919814,3.6809257275991,651,"ENSG00000162599",4.95540138751239e-05,TRUE
"72",0.0379288135919814,4.89446517097185,738,"ENSG00000169375",4.95540138751239e-05,TRUE
"73",0.0394461871013721,3.37303729653596,992,"ENSG00000253729",4.95540138751239e-05,TRUE
"74",0.0402240016088645,3.39053581482254,52,"ENSG00000049759",4.95540138751239e-05,TRUE
"75",0.0402240016088645,5.12482284101413,142,"ENSG00000085719",4.95540138751239e-05,TRUE
"76",0.0410147849140792,3.98427037160898,343,"ENSG00000122257",4.95540138751239e-05,TRUE
"77",0.0410147849140792,-4.21205166394078,401,"ENSG00000132932",4.95540138751239e-05,TRUE
"78",0.0434665925975444,4.20675250651923,591,"ENSG00000152818",4.95540138751239e-05,TRUE
"79",0.0443109010257699,-4.0394109141269,873,"ENSG00000196090",4.95540138751239e-05,TRUE
"80",0.0451690081112707,3.21348801250817,745,"ENSG00000169905",4.95540138751239e-05,TRUE
"81",0.0460410827034443,5.08944584345528,773,"ENSG00000173230",4.95540138751239e-05,TRUE
"82",0.0469272945703045,-6.33028438358673,188,"ENSG00000102174",4.95540138751239e-05,TRUE
"83",0.0478278143800449,3.78701964459746,113,"ENSG00000078142",4.95540138751239e-05,TRUE
"84",0.0496724648874748,3.87018982675227,203,"ENSG00000104177",4.95540138751239e-05,TRUE
"85",0.0496724648874748,-3.13489887916515,487,"ENSG00000140464",4.95540138751239e-05,TRUE
"86",0.0506169412490216,4.07089303559809,286,"ENSG00000115020",4.95540138751239e-05,FALSE
"87",0.0506169412490216,4.57581253065122,855,"ENSG00000187240",4.95540138751239e-05,FALSE
"88",0.051576416840526,4.96092825502655,63,"ENSG00000056586",4.95540138751239e-05,FALSE
"89",0.051576416840526,2.19022337806925,77,"ENSG00000065923",4.95540138751239e-05,FALSE
"90",0.051576416840526,3.64103338322745,123,"ENSG00000080345",4.95540138751239e-05,FALSE
"91",0.051576416840526,4.21842440390787,317,"ENSG00000118473",4.95540138751239e-05,FALSE
"92",0.0555678205209911,5.59794283692692,165,"ENSG00000095794",4.95540138751239e-05,FALSE
"93",0.0555678205209911,4.27363406643652,593,"ENSG00000153113",4.95540138751239e-05,FALSE
"94",0.056604930596914,-5.31061511527563,570,"ENSG00000151090",4.95540138751239e-05,FALSE
"95",0.0576581003663624,-2.86126841540833,695,"ENSG00000165125",4.95540138751239e-05,FALSE
"96",0.0587275090282582,5.59316669367351,120,"ENSG00000079691",4.95540138751239e-05,FALSE
"97",0.0587275090282582,-3.60194445369357,163,"ENSG00000092964",4.95540138751239e-05,FALSE
"98",0.0598133364181888,3.39572540101177,15,"ENSG00000010810",4.95540138751239e-05,FALSE
"99",0.0598133364181888,3.37790182016185,757,"ENSG00000171815",4.95540138751239e-05,FALSE
"100",0.0620349697541226,2.9453999605111,557,"ENSG00000148634",4.95540138751239e-05,FALSE
"101",0.0620349697541226,3.47590766094195,652,"ENSG00000162631",4.95540138751239e-05,FALSE
"102",0.0620349697541226,3.90629883544714,861,"ENSG00000188596",4.95540138751239e-05,FALSE
"103",0.0631711383221344,3.47230060501911,990,"ENSG00000250305",4.95540138751239e-05,FALSE
"104",0.0643244508083868,1.4403317009502,84,"ENSG00000069020",4.95540138751239e-05,FALSE
"105",0.0643244508083868,2.2667279547625,506,"ENSG00000143669",4.95540138751239e-05,FALSE
"106",0.0643244508083868,2.67305738762079,795,"ENSG00000177463",4.95540138751239e-05,FALSE
"107",0.0643244508083868,2.93585349285406,897,"ENSG00000197603",4.95540138751239e-05,FALSE
"108",0.0654950898378684,2.42335391539791,192,"ENSG00000102780",4.95540138751239e-05,FALSE
"109",0.0654950898378684,4.07262273778439,271,"ENSG00000113360",4.95540138751239e-05,FALSE
"110",0.0666832385108035,1.6245820193682,549,"ENSG00000147548",4.95540138751239e-05,FALSE
"111",0.0666832385108035,4.68007130380419,889,"ENSG00000196975",4.95540138751239e-05,FALSE
"112",0.0678890803738195,4.01865836120609,770,"ENSG00000172995",4.95540138751239e-05,FALSE
"113",0.0691127993905675,-2.73381559478965,194,"ENSG00000102900",4.95540138751239e-05,FALSE
"114",0.0691127993905675,-3.82360625475895,404,"ENSG00000133083",4.95540138751239e-05,FALSE
"115",0.0691127993905675,3.94498507448854,799,"ENSG00000177853",4.95540138751239e-05,FALSE
"116",0.070354579911795,-5.5175341582415,249,"ENSG00000110723",4.95540138751239e-05,FALSE
"117",0.070354579911795,3.18615181582603,267,"ENSG00000112531",4.95540138751239e-05,FALSE
"118",0.070354579911795,3.33878614491725,603,"ENSG00000154175",4.95540138751239e-05,FALSE
"119",0.070354579911795,-2.98779064824716,869,"ENSG00000189091",4.95540138751239e-05,FALSE
"120",0.0728930646227877,3.19792400131475,43,"ENSG00000047188",4.95540138751239e-05,FALSE
"121",0.0728930646227877,2.74295332386938,294,"ENSG00000115464",4.95540138751239e-05,FALSE
"122",0.075506015883222,2.263407938812,32,"ENSG00000035664",4.95540138751239e-05,FALSE
"123",0.075506015883222,3.2486113084069,256,"ENSG00000111799",4.95540138751239e-05,FALSE
"124",0.075506015883222,2.46530757629251,584,"ENSG00000152223",4.95540138751239e-05,FALSE
"125",0.0768408805730642,3.7868488525066,790,"ENSG00000176049",4.95540138751239e-05,FALSE
"126",0.0781949192565897,3.0057643264459,350,"ENSG00000123200",4.95540138751239e-05,FALSE
"127",0.0781949192565897,1.66615993476406,362,"ENSG00000124783",4.95540138751239e-05,FALSE
"128",0.0781949192565897,3.56688380014958,658,"ENSG00000163029",4.95540138751239e-05,FALSE
"129",0.0781949192565897,2.53965421925555,727,"ENSG00000168385",4.95540138751239e-05,FALSE
"130",0.0781949192565897,2.57312522790005,839,"ENSG00000185070",4.95540138751239e-05,FALSE
"131",0.0795683181107625,4.7841949783981,296,"ENSG00000115904",4.95540138751239e-05,FALSE
"132",0.0809612634408,3.91305929216819,56,"ENSG00000052126",4.95540138751239e-05,FALSE
"133",0.0809612634408,6.35923112517829,136,"ENSG00000083642",4.95540138751239e-05,FALSE
"134",0.0809612634408,3.7573606153459,283,"ENSG00000114861",4.95540138751239e-05,FALSE
"135",0.0867322381527227,5.03660326116415,44,"ENSG00000047410",4.95540138751239e-05,FALSE
"136",0.0867322381527227,3.22445324699948,224,"ENSG00000106771",4.95540138751239e-05,FALSE
"137",0.0867322381527227,5.2956913750204,847,"ENSG00000186073",4.95540138751239e-05,FALSE
"138",0.0897398518026606,4.28444935712356,555,"ENSG00000148219",4.95540138751239e-05,FALSE
"139",0.0912748423573003,3.45508704291819,70,"ENSG00000064042",4.95540138751239e-05,FALSE
"140",0.0912748423573003,-5.18257533013551,1001,"ENSG00000274588",4.95540138751239e-05,FALSE
"141",0.0928308701696812,2.44946140632953,280,"ENSG00000114757",4.95540138751239e-05,FALSE
"142",0.0928308701696812,-2.97087199922651,909,"ENSG00000198216",4.95540138751239e-05,FALSE
"143",0.0944081210745546,2.96091403887883,327,"ENSG00000119707",4.95540138751239e-05,FALSE
"144",0.0944081210745546,3.30221571292789,382,"ENSG00000129003",4.95540138751239e-05,FALSE
"145",0.0944081210745546,2.63941859415577,580,"ENSG00000151835",4.95540138751239e-05,FALSE
"146",0.0944081210745546,2.37820585830721,682,"ENSG00000164327",4.95540138751239e-05,FALSE
"147",0.0960067806647034,2.94230327985919,268,"ENSG00000112769",4.95540138751239e-05,FALSE
"148",0.0960067806647034,3.66886049801128,818,"ENSG00000182010",4.95540138751239e-05,FALSE
"149",0.097627034251229,1.6161125103364,209,"ENSG00000104643",4.95540138751239e-05,FALSE
"150",0.097627034251229,2.38067139645137,894,"ENSG00000197386",4.95540138751239e-05,FALSE
"151",0.099269066823374,2.10941792700658,957,"ENSG00000219481",4.95540138751239e-05,FALSE
"152",0.100933063007885,4.70889938657387,922,"ENSG00000198707",4.95540138751239e-05,FALSE
"153",0.102619207027927,2.86615602544733,480,"ENSG00000139220",4.95540138751239e-05,FALSE
"154",0.104327682661547,1.58991656581988,330,"ENSG00000119820",4.95540138751239e-05,FALSE
"155",0.104327682661547,2.33630299212673,887,"ENSG00000196914",4.95540138751239e-05,FALSE
"156",0.106058673199712,1.84974311482596,902,"ENSG00000198015",4.95540138751239e-05,FALSE
"157",0.107812361403908,1.98021830298733,208,"ENSG00000104517",4.95540138751239e-05,FALSE
"158",0.107812361403908,1.91392823510016,716,"ENSG00000166387",4.95540138751239e-05,FALSE
"159",0.109588929463323,2.83899245934283,231,"ENSG00000107890",4.95540138751239e-05,FALSE
"160",0.109588929463323,3.17722885743609,319,"ENSG00000118596",4.95540138751239e-05,FALSE
"161",0.111388558951623,-2.26644956576066,39,"ENSG00000042781",4.95540138751239e-05,FALSE
"162",0.111388558951623,3.1015541950708,178,"ENSG00000100784",4.95540138751239e-05,FALSE
"163",0.111388558951623,4.16486938914292,367,"ENSG00000125676",4.95540138751239e-05,FALSE
"164",0.111388558951623,1.05399062688816,609,"ENSG00000154358",4.95540138751239e-05,FALSE
"165",0.111388558951623,2.36049321013374,964,"ENSG00000227115",4.95540138751239e-05,FALSE
"166",0.113211430783317,2.89122380674454,364,"ENSG00000124831",4.95540138751239e-05,FALSE
"167",0.113211430783317,4.04463846088601,686,"ENSG00000164627",4.95540138751239e-05,FALSE
"168",0.113211430783317,6.24171592078052,975,"ENSG00000236333",4.95540138751239e-05,FALSE
"169",0.115057725169732,1.94802208209454,559,"ENSG00000149311",4.95540138751239e-05,FALSE
"170",0.115057725169732,-1716.7303686842,920,"ENSG00000198695",4.95540138751239e-05,FALSE
"171",0.115057725169732,-1327.01359420574,923,"ENSG00000198712",4.95540138751239e-05,FALSE
"172",0.116927621574605,-2.78238750773088,828,"ENSG00000183117",4.95540138751239e-05,FALSE
"173",0.118821298669293,-1.68087090822813,645,"ENSG00000159433",4.95540138751239e-05,FALSE
"174",0.118821298669293,2.78770162708243,699,"ENSG00000165219",4.95540138751239e-05,FALSE
"175",0.120738934287631,2.48774545892667,65,"ENSG00000058272",4.95540138751239e-05,FALSE
"176",0.122680705380419,3.02112824090425,104,"ENSG00000075539",4.95540138751239e-05,FALSE
"177",0.122680705380419,-3.40576838053354,666,"ENSG00000163618",4.95540138751239e-05,FALSE
"178",0.122680705380419,2.27991706778445,751,"ENSG00000171316",4.95540138751239e-05,FALSE
"179",0.124646787969573,2.49102320112147,375,"ENSG00000127914",4.95540138751239e-05,FALSE
"180",0.126637357101945,2.47574709124186,278,"ENSG00000114423",4.95540138751239e-05,FALSE
"181",0.126637357101945,2.10120696104774,690,"ENSG00000164796",4.95540138751239e-05,FALSE
"182",0.128652586802812,1.02496569378393,4,"ENSG00000004766",4.95540138751239e-05,FALSE
"183",0.128652586802812,2.87806950678387,385,"ENSG00000129422",4.95540138751239e-05,FALSE
"184",0.128652586802812,-2.85109698058925,680,"ENSG00000164151",4.95540138751239e-05,FALSE
"185",0.128652586802812,-4.03649826853357,991,"ENSG00000251136",4.95540138751239e-05,FALSE
"186",0.130692650029054,-2.4384041462875,140,"ENSG00000085224",4.95540138751239e-05,FALSE
"187",0.130692650029054,2.99696964766878,804,"ENSG00000179152",4.95540138751239e-05,FALSE
"188",0.130692650029054,2.34977652032425,978,"ENSG00000242512",4.95540138751239e-05,FALSE
"189",0.132757718622039,2.32438914018134,274,"ENSG00000113558",4.95540138751239e-05,FALSE
"190",0.132757718622039,2.27587060804743,342,"ENSG00000121964",4.95540138751239e-05,FALSE
"191",0.13484796326021,1.69909860689509,669,"ENSG00000163638",4.95540138751239e-05,FALSE
"192",0.13484796326021,2.44871778020853,719,"ENSG00000166503",4.95540138751239e-05,FALSE
"193",0.136963553411399,-2.74151475304392,442,"ENSG00000136213",4.95540138751239e-05,FALSE
"194",0.136963553411399,-0.247217059915339,639,"ENSG00000158528",4.95540138751239e-05,FALSE
"195",0.136963553411399,-2.61221048210384,655,"ENSG00000162836",4.95540138751239e-05,FALSE
"196",0.136963553411399,-3.16744349720993,874,"ENSG00000196187",4.95540138751239e-05,FALSE
"197",0.136963553411399,2.68467571814196,948,"ENSG00000206579",4.95540138751239e-05,FALSE
"198",0.139104657284877,-2262.8392810592,926,"ENSG00000198786",4.95540138751239e-05,FALSE
"199",0.14127144178315,-3.70997380697653,843,"ENSG00000185352",4.95540138751239e-05,FALSE
"200",0.143464072453515,2.47281505365178,621,"ENSG00000156218",4.95540138751239e-05,FALSE
"201",0.143464072453515,-1100.80260928629,965,"ENSG00000228253",4.95540138751239e-05,FALSE
"202",0.145682713439391,-2.06738958276805,387,"ENSG00000129682",4.95540138751239e-05,FALSE
"203",0.145682713439391,2.17541209654523,415,"ENSG00000133812",4.95540138751239e-05,FALSE
"204",0.145682713439391,2.73964854171576,982,"ENSG00000244754",4.95540138751239e-05,FALSE
"205",0.147927527431436,-2.97979526246849,302,"ENSG00000116205",4.95540138751239e-05,FALSE
"206",0.147927527431436,2.84302730470494,562,"ENSG00000150275",4.95540138751239e-05,FALSE
"207",0.150198675618462,-2.08246031188949,753,"ENSG00000171435",4.95540138751239e-05,FALSE
"208",0.150198675618462,2.00315249370027,793,"ENSG00000177189",4.95540138751239e-05,FALSE
"209",0.152496317638165,1.60347030626879,257,"ENSG00000111877",4.95540138751239e-05,FALSE
"210",0.152496317638165,2.98046465703791,405,"ENSG00000133138",4.95540138751239e-05,FALSE
"211",0.152496317638165,1.15090427521356,433,"ENSG00000135749",4.95540138751239e-05,FALSE
"212",0.152496317638165,2.3110874751042,648,"ENSG00000161405",4.95540138751239e-05,FALSE
"213",0.154820611527686,4.59294108226664,201,"ENSG00000104093",4.95540138751239e-05,FALSE
"214",0.154820611527686,3.3207838669113,371,"ENSG00000127241",4.95540138751239e-05,FALSE
"215",0.157171713674004,1.26000563773145,369,"ENSG00000126777",4.95540138751239e-05,FALSE
"216",0.157171713674004,1.60422319146923,616,"ENSG00000155846",4.95540138751239e-05,FALSE
"217",0.157171713674004,1.82598806100948,786,"ENSG00000175322",4.95540138751239e-05,FALSE
"218",0.157171713674004,-1833.44257149195,935,"ENSG00000198886",4.95540138751239e-05,FALSE
"219",0.159549778764198,2.86330723262181,126,"ENSG00000081052",4.95540138751239e-05,FALSE
"220",0.159549778764198,2.32295480453978,177,"ENSG00000100731",4.95540138751239e-05,FALSE
"221",0.159549778764198,2.48221081456702,284,"ENSG00000114933",4.95540138751239e-05,FALSE
"222",0.159549778764198,2.11470890142762,860,"ENSG00000188559",4.95540138751239e-05,FALSE
"223",0.159549778764198,-2.48042530147995,903,"ENSG00000198040",4.95540138751239e-05,FALSE
"224",0.159549778764198,1.3902331879195,997,"ENSG00000269821",4.95540138751239e-05,FALSE
"225",0.161954959735567,2.53498318025143,33,"ENSG00000036257",4.95540138751239e-05,FALSE
"226",0.161954959735567,-1.0478361812726,409,"ENSG00000133401",4.95540138751239e-05,FALSE
"227",0.164387407725645,2.72368923471544,62,"ENSG00000055609",4.95540138751239e-05,FALSE
"228",0.164387407725645,2.93021743832804,167,"ENSG00000099139",4.95540138751239e-05,FALSE
"229",0.164387407725645,0.635690255773707,225,"ENSG00000106948",4.95540138751239e-05,FALSE
"230",0.164387407725645,2.33465186946104,254,"ENSG00000111596",4.95540138751239e-05,FALSE
"231",0.164387407725645,1.68184224152749,479,"ENSG00000139163",4.95540138751239e-05,FALSE
"232",0.164387407725645,2.25944122894952,912,"ENSG00000198380",4.95540138751239e-05,FALSE
"233",0.164387407725645,1.87626590291177,1007,"ENSG00000279217",4.95540138751239e-05,FALSE
"234",0.16684727202211,1.63966781176195,446,"ENSG00000136603",4.95540138751239e-05,FALSE
"235",0.16684727202211,1.9221116132691,725,"ENSG00000167986",4.95540138751239e-05,FALSE
"236",0.169334700012613,3.2248824175658,295,"ENSG00000115825",4.95540138751239e-05,FALSE
"237",0.169334700012613,2.84615886598542,552,"ENSG00000148019",4.95540138751239e-05,FALSE
"238",0.169334700012613,1.6552583412823,858,"ENSG00000188177",4.95540138751239e-05,FALSE
"239",0.169334700012613,2.47161422432245,901,"ENSG00000198000",4.95540138751239e-05,FALSE
"240",0.169334700012613,-2179.59799322914,933,"ENSG00000198840",4.95540138751239e-05,FALSE
"241",0.171849837134536,-2.59660564444908,438,"ENSG00000136068",4.95540138751239e-05,FALSE
"242",0.171849837134536,-3.31809487725468,739,"ENSG00000169436",4.95540138751239e-05,FALSE
"243",0.171849837134536,1.95156228389688,838,"ENSG00000185008",4.95540138751239e-05,FALSE
"244",0.171849837134536,1.94083162848668,848,"ENSG00000186260",4.95540138751239e-05,FALSE
"245",0.174392826824695,1.8718777210339,72,"ENSG00000065135",4.95540138751239e-05,FALSE
"246",0.174392826824695,-2.69092136581511,260,"ENSG00000112038",4.95540138751239e-05,FALSE
"247",0.174392826824695,2.5395366762387,599,"ENSG00000153827",4.95540138751239e-05,FALSE
"248",0.176963810469009,2.48987137918822,556,"ENSG00000148429",4.95540138751239e-05,FALSE
"249",0.179562927352148,-3.06225389499371,89,"ENSG00000070018",4.95540138751239e-05,FALSE
"250",0.179562927352148,1.96336749713685,900,"ENSG00000197971",4.95540138751239e-05,FALSE
"251",0.18219031460717,2.24345747653478,129,"ENSG00000081760",4.95540138751239e-05,FALSE
"252",0.18219031460717,2.18352643849621,181,"ENSG00000101596",4.95540138751239e-05,FALSE
"253",0.18219031460717,2.67755861239194,312,"ENSG00000117724",4.95540138751239e-05,FALSE
"254",0.18219031460717,-1.20505182663065,392,"ENSG00000131089",4.95540138751239e-05,FALSE
"255",0.184846107165176,1.86075015373917,384,"ENSG00000129292",4.95540138751239e-05,FALSE
"256",0.184846107165176,1.51866951968285,836,"ENSG00000184677",4.95540138751239e-05,FALSE
"257",0.187530437704987,-2.4097379353113,198,"ENSG00000103657",4.95540138751239e-05,FALSE
"258",0.187530437704987,2.65401830127419,339,"ENSG00000121741",4.95540138751239e-05,FALSE
"259",0.187530437704987,3.55229672206544,473,"ENSG00000138735",4.95540138751239e-05,FALSE
"260",0.187530437704987,1.63568660272414,815,"ENSG00000181090",4.95540138751239e-05,FALSE
"261",0.187530437704987,1.97188450903148,842,"ENSG00000185344",4.95540138751239e-05,FALSE
"262",0.187530437704987,2.64510795183984,899,"ENSG00000197969",4.95540138751239e-05,FALSE
"263",0.187530437704987,2.35562896693071,919,"ENSG00000198677",4.95540138751239e-05,FALSE
"264",0.187530437704987,2.20396968747526,940,"ENSG00000198947",4.95540138751239e-05,FALSE
"265",0.190243436602871,1.90834994212807,78,"ENSG00000066427",4.95540138751239e-05,FALSE
"266",0.190243436602871,2.17145502229898,613,"ENSG00000155158",4.95540138751239e-05,FALSE
"267",0.190243436602871,-3.62759883359031,731,"ENSG00000168785",4.95540138751239e-05,FALSE
"268",0.190243436602871,2.35077138282738,732,"ENSG00000168813",4.95540138751239e-05,FALSE
"269",0.190243436602871,2.4004079585358,819,"ENSG00000182050",4.95540138751239e-05,FALSE
"270",0.190243436602871,1.08862711563845,898,"ENSG00000197694",4.95540138751239e-05,FALSE
"271",0.190243436602871,-1.23012336103338,989,"ENSG00000250120",4.95540138751239e-05,FALSE
"272",0.192985231882329,-4.2812751990094,124,"ENSG00000080815",4.95540138751239e-05,FALSE
"273",0.192985231882329,2.28611989107237,885,"ENSG00000196712",4.95540138751239e-05,FALSE
"274",0.192985231882329,-1452.67575511164,950,"ENSG00000212907",4.95540138751239e-05,FALSE
"275",0.195755949163955,-1510.24123457983,925,"ENSG00000198763",4.95540138751239e-05,FALSE
"276",0.1985557116154,4.70415587326685,81,"ENSG00000067066",4.95540138751239e-05,FALSE
"277",0.1985557116154,2.62187482937879,329,"ENSG00000119778",4.95540138751239e-05,FALSE
"278",0.1985557116154,2.20619063247865,390,"ENSG00000130943",4.95540138751239e-05,FALSE
"279",0.1985557116154,2.23372459762266,508,"ENSG00000143797",4.95540138751239e-05,FALSE
"280",0.1985557116154,1.90716210749809,525,"ENSG00000144908",4.95540138751239e-05,FALSE
"281",0.1985557116154,2.03288102564167,921,"ENSG00000198700",4.95540138751239e-05,FALSE
"282",0.201384639901443,-2.02193881203858,435,"ENSG00000135778",4.95540138751239e-05,FALSE
"283",0.201384639901443,-2.56334418090287,634,"ENSG00000158258",4.95540138751239e-05,FALSE
"284",0.204242852134192,-2.0928044220103,485,"ENSG00000140015",4.95540138751239e-05,FALSE
"285",0.204242852134192,2.57535010385265,510,"ENSG00000143995",4.95540138751239e-05,FALSE
"286",0.204242852134192,2.86917292910398,973,"ENSG00000232044",4.95540138751239e-05,FALSE
"287",0.20713046382344,2.08896570479942,650,"ENSG00000162409",4.95540138751239e-05,FALSE
"288",0.20713046382344,-2834.68991213854,924,"ENSG00000198727",4.95540138751239e-05,FALSE
"289",0.21004758782718,2.87947430676583,42,"ENSG00000046889",4.95540138751239e-05,FALSE
"290",0.21004758782718,2.49858314393186,97,"ENSG00000072364",4.95540138751239e-05,FALSE
"291",0.212994334302302,1.85690292064981,38,"ENSG00000042429",4.95540138751239e-05,FALSE
"292",0.212994334302302,2.18766688796817,102,"ENSG00000075407",4.95540138751239e-05,FALSE
"293",0.212994334302302,2.42841863146215,675,"ENSG00000164031",4.95540138751239e-05,FALSE
"294",0.212994334302302,2.39299196470371,866,"ENSG00000188994",4.95540138751239e-05,FALSE
"295",0.215970810655502,2.96278129570603,814,"ENSG00000180773",4.95540138751239e-05,FALSE
"296",0.218977121494402,1.70393034761822,403,"ENSG00000133019",4.95540138751239e-05,FALSE
"297",0.218977121494402,2.26812910860512,422,"ENSG00000134516",4.95540138751239e-05,FALSE
"298",0.222013368578907,3.2640253842281,112,"ENSG00000078114",4.95540138751239e-05,FALSE
"299",0.225079650772827,1.93479461263583,248,"ENSG00000110713",4.95540138751239e-05,FALSE
"300",0.225079650772827,1.26417380292688,493,"ENSG00000141376",4.95540138751239e-05,FALSE
"301",0.225079650772827,-3.17442303801853,765,"ENSG00000172795",4.95540138751239e-05,FALSE
"302",0.228176063995764,0.558797625363649,168,"ENSG00000099204",4.95540138751239e-05,FALSE
"303",0.228176063995764,1.22979450106811,391,"ENSG00000131018",4.95540138751239e-05,FALSE
"304",0.228176063995764,2.33684034006232,595,"ENSG00000153292",4.95540138751239e-05,FALSE
"305",0.2313027011753,-2.98926125225689,29,"ENSG00000030066",4.95540138751239e-05,FALSE
"306",0.2313027011753,2.93025317790591,261,"ENSG00000112146",4.95540138751239e-05,FALSE
"307",0.2313027011753,2.12206536228294,340,"ENSG00000121892",4.95540138751239e-05,FALSE
"308",0.2313027011753,2.16717793576408,823,"ENSG00000182621",4.95540138751239e-05,FALSE
"309",0.2313027011753,-553.637855770532,930,"ENSG00000198804",4.95540138751239e-05,FALSE
"310",0.234459652199488,2.91401263371602,537,"ENSG00000145907",4.95540138751239e-05,FALSE
"311",0.234459652199488,2.42432713231462,783,"ENSG00000174953",4.95540138751239e-05,FALSE
"312",0.237647003869684,2.5350135727935,499,"ENSG00000142599",4.95540138751239e-05,FALSE
"313",0.240864839853716,0.569539717869745,2,"ENSG00000003402",4.95540138751239e-05,FALSE
"314",0.240864839853716,2.86030487423388,235,"ENSG00000108256",4.95540138751239e-05,FALSE
"315",0.244113240639428,-1.92221067780368,553,"ENSG00000148053",4.95540138751239e-05,FALSE
"316",0.244113240639428,-1.6043999326709,604,"ENSG00000154237",4.95540138751239e-05,FALSE
"317",0.244113240639428,1.27820420535878,709,"ENSG00000165959",4.95540138751239e-05,FALSE
"318",0.24739228348861,0.903288280626469,37,"ENSG00000040341",4.95540138751239e-05,FALSE
"319",0.24739228348861,2.70891159998663,125,"ENSG00000081014",4.95540138751239e-05,FALSE
"320",0.24739228348861,1.34067164664873,193,"ENSG00000102786",4.95540138751239e-05,FALSE
"321",0.24739228348861,-1332.93699663614,939,"ENSG00000198938",4.95540138751239e-05,FALSE
"322",0.24739228348861,-1.24790071667838,952,"ENSG00000213949",4.95540138751239e-05,FALSE
"323",0.250702042391327,-4.31889775137167,13,"ENSG00000009307",4.95540138751239e-05,FALSE
"324",0.250702042391327,-1.86936276350096,16,"ENSG00000010818",4.95540138751239e-05,FALSE
"325",0.250702042391327,1.87386770436422,93,"ENSG00000071073",4.95540138751239e-05,FALSE
"326",0.250702042391327,2.24849766794267,99,"ENSG00000074356",4.95540138751239e-05,FALSE
"327",0.250702042391327,-2.96291104385682,380,"ENSG00000128872",4.95540138751239e-05,FALSE
"328",0.250702042391327,1.42426077937154,718,"ENSG00000166501",4.95540138751239e-05,FALSE
"329",0.250702042391327,-1.61789860534242,908,"ENSG00000198198",4.95540138751239e-05,FALSE
"330",0.257413987687998,2.45120022310718,265,"ENSG00000112249",4.95540138751239e-05,FALSE
"331",0.257413987687998,-0.819074858621494,287,"ENSG00000115109",4.95540138751239e-05,FALSE
"332",0.257413987687998,1.22240893666527,331,"ENSG00000119900",4.95540138751239e-05,FALSE
"333",0.257413987687998,2.3840117321496,649,"ENSG00000162105",4.95540138751239e-05,FALSE
"334",0.260816305298507,0.973103813777136,408,"ENSG00000133392",4.95540138751239e-05,FALSE
"335",0.260816305298507,1.21079339291994,598,"ENSG00000153721",4.95540138751239e-05,FALSE
"336",0.264249601307458,2.30265632030594,131,"ENSG00000082293",4.95540138751239e-05,FALSE
"337",0.264249601307458,1.21764683239323,445,"ENSG00000136527",4.95540138751239e-05,FALSE
"338",0.264249601307458,1.3229430699155,740,"ENSG00000169554",4.95540138751239e-05,FALSE
"339",0.264249601307458,1.51719512621787,865,"ENSG00000188906",4.95540138751239e-05,FALSE
"340",0.267713932676775,1.06683541953022,14,"ENSG00000010244",4.95540138751239e-05,FALSE
"341",0.267713932676775,-4.39686903346652,156,"ENSG00000091513",4.95540138751239e-05,FALSE
"342",0.267713932676775,1.24470514806125,263,"ENSG00000112182",4.95540138751239e-05,FALSE
"343",0.267713932676775,2.49307281097531,273,"ENSG00000113494",4.95540138751239e-05,FALSE
"344",0.267713932676775,1.46346110341409,615,"ENSG00000155657",4.95540138751239e-05,FALSE
"345",0.267713932676775,1.74690641899072,891,"ENSG00000197081",4.95540138751239e-05,FALSE
"346",0.271209352832201,1.95581933686228,86,"ENSG00000069431",4.95540138751239e-05,FALSE
"347",0.271209352832201,1.19639563012723,803,"ENSG00000178904",4.95540138751239e-05,FALSE
"348",0.271209352832201,-2.66702872895205,826,"ENSG00000182985",4.95540138751239e-05,FALSE
"349",0.271209352832201,2.51357570423755,971,"ENSG00000230615",4.95540138751239e-05,FALSE
"350",0.274735911620998,0.645571772411479,436,"ENSG00000135905",4.95540138751239e-05,FALSE
"351",0.274735911620998,-1.85230076995476,929,"ENSG00000198796",4.95540138751239e-05,FALSE
"352",0.278293655270183,2.21874123298359,180,"ENSG00000100934",4.95540138751239e-05,FALSE
"353",0.278293655270183,-1.35300895248904,569,"ENSG00000151067",4.95540138751239e-05,FALSE
"354",0.278293655270183,-1.92956058485939,697,"ENSG00000165185",4.95540138751239e-05,FALSE
"355",0.278293655270183,0.407477401488212,784,"ENSG00000175048",4.95540138751239e-05,FALSE
"356",0.281882626345355,2.50932472974866,19,"ENSG00000018236",4.95540138751239e-05,FALSE
"357",0.281882626345355,2.61485028690717,544,"ENSG00000147010",4.95540138751239e-05,FALSE
"358",0.281882626345355,1.49485525888463,762,"ENSG00000172461",4.95540138751239e-05,FALSE
"359",0.285502863710096,2.03199441854195,345,"ENSG00000122482",4.95540138751239e-05,FALSE
"360",0.285502863710096,-1.28143449291259,373,"ENSG00000127481",4.95540138751239e-05,FALSE
"361",0.285502863710096,1.89709896105841,566,"ENSG00000150760",4.95540138751239e-05,FALSE
"362",0.289154402486001,2.15958849630398,292,"ENSG00000115414",4.95540138751239e-05,FALSE
"363",0.289154402486001,1.15622175497734,788,"ENSG00000175782",4.95540138751239e-05,FALSE
"364",0.289154402486001,-2.11751182039395,824,"ENSG00000182670",4.95540138751239e-05,FALSE
"365",0.289154402486001,0.953465922995543,851,"ENSG00000186487",4.95540138751239e-05,FALSE
"366",0.289154402486001,-2.73144684523179,881,"ENSG00000196591",4.95540138751239e-05,FALSE
"367",0.292837274013316,-1.18022313672995,75,"ENSG00000065534",4.95540138751239e-05,FALSE
"368",0.292837274013316,-1.81857226688089,117,"ENSG00000078674",4.95540138751239e-05,FALSE
"369",0.292837274013316,-2.73731504943869,451,"ENSG00000137509",4.95540138751239e-05,FALSE
"370",0.292837274013316,2.06707846802377,953,"ENSG00000214029",4.95540138751239e-05,FALSE
"371",0.296551505812243,1.38932131981839,323,"ENSG00000119314",4.95540138751239e-05,FALSE
"372",0.296551505812243,1.10257778556754,543,"ENSG00000146592",4.95540138751239e-05,FALSE
"373",0.296551505812243,-0.468718969275976,1004,"ENSG00000278920",4.95540138751239e-05,FALSE
"374",0.30029712154489,2.75163090234438,79,"ENSG00000066739",4.95540138751239e-05,FALSE
"375",0.30029712154489,-1.73361638960609,87,"ENSG00000069667",4.95540138751239e-05,FALSE
"376",0.304074140977925,-3.18301609806185,154,"ENSG00000091136",4.95540138751239e-05,FALSE
"377",0.304074140977925,1.04662639561438,222,"ENSG00000106344",4.95540138751239e-05,FALSE
"378",0.307882579945908,3.28749505120872,94,"ENSG00000071189",4.95540138751239e-05,FALSE
"379",0.307882579945908,1.95965082736776,270,"ENSG00000112992",4.95540138751239e-05,FALSE
"380",0.307882579945908,1.37533108068267,430,"ENSG00000135316",4.95540138751239e-05,FALSE
"381",0.307882579945908,0.471789601925288,483,"ENSG00000139668",4.95540138751239e-05,FALSE
"382",0.311722450315366,-1.06577889333409,239,"ENSG00000109339",4.95540138751239e-05,FALSE
"383",0.311722450315366,1.91499181853132,402,"ENSG00000132953",4.95540138751239e-05,FALSE
"384",0.311722450315366,2.14107768525574,478,"ENSG00000139132",4.95540138751239e-05,FALSE
"385",0.315593759949584,2.2881683251078,31,"ENSG00000033867",4.95540138751239e-05,FALSE
"386",0.315593759949584,1.5323359421076,743,"ENSG00000169891",4.95540138751239e-05,FALSE
"387",0.315593759949584,1.70519434189881,872,"ENSG00000189350",4.95540138751239e-05,FALSE
"388",0.315593759949584,2.28514317657687,970,"ENSG00000230461",4.95540138751239e-05,FALSE
"389",0.319496512674159,1.21909345368616,481,"ENSG00000139323",4.95540138751239e-05,FALSE
"390",0.319496512674159,-0.723983503909974,638,"ENSG00000158486",4.95540138751239e-05,FALSE
"391",0.319496512674159,-2.69061478394313,674,"ENSG00000163738",4.95540138751239e-05,FALSE
"392",0.319496512674159,3.15902420826749,705,"ENSG00000165669",4.95540138751239e-05,FALSE
"393",0.319496512674159,1.01703221939575,834,"ENSG00000184347",4.95540138751239e-05,FALSE
"394",0.319496512674159,1.87838918689589,967,"ENSG00000229425",4.95540138751239e-05,FALSE
"395",0.323430708243332,1.27049957930592,133,"ENSG00000083067",4.95540138751239e-05,FALSE
"396",0.323430708243332,1.33305554053087,229,"ENSG00000107679",4.95540138751239e-05,FALSE
"397",0.323430708243332,-3.0382578601538,411,"ENSG00000133454",4.95540138751239e-05,FALSE
"398",0.323430708243332,-2.43886909849751,653,"ENSG00000162636",4.95540138751239e-05,FALSE
"399",0.327396342307093,-0.454776096621121,277,"ENSG00000114062",4.95540138751239e-05,FALSE
"400",0.327396342307093,1.33860453245862,782,"ENSG00000174437",4.95540138751239e-05,FALSE
"401",0.331393406379108,1.0321233280461,298,"ENSG00000115977",4.95540138751239e-05,FALSE
"402",0.331393406379108,1.66410038390021,332,"ENSG00000120008",4.95540138751239e-05,FALSE
"403",0.331393406379108,0.516822098441081,633,"ENSG00000157954",4.95540138751239e-05,FALSE
"404",0.331393406379108,-3.02411709644237,779,"ENSG00000174145",4.95540138751239e-05,FALSE
"405",0.331393406379108,-0.758878894335069,827,"ENSG00000183091",4.95540138751239e-05,FALSE
"406",0.335421887805458,1.10236223836342,211,"ENSG00000105778",4.95540138751239e-05,FALSE
"407",0.335421887805458,2.12249869933806,507,"ENSG00000143776",4.95540138751239e-05,FALSE
"408",0.335421887805458,2.51685519776081,691,"ENSG00000164944",4.95540138751239e-05,FALSE
"409",0.339481769734225,0.805238998460215,348,"ENSG00000122966",4.95540138751239e-05,FALSE
"410",0.339481769734225,-1.00201049905363,713,"ENSG00000166233",4.95540138751239e-05,FALSE
"411",0.343573031085926,-2.83703899844053,219,"ENSG00000106078",4.95540138751239e-05,FALSE
"412",0.343573031085926,0.723888488651802,297,"ENSG00000115919",4.95540138751239e-05,FALSE
"413",0.343573031085926,1.01577315204613,308,"ENSG00000117139",4.95540138751239e-05,FALSE
"414",0.343573031085926,1.54869362563529,420,"ENSG00000134283",4.95540138751239e-05,FALSE
"415",0.343573031085926,-2.87379938719517,614,"ENSG00000155511",4.95540138751239e-05,FALSE
"416",0.343573031085926,1.21812325923742,643,"ENSG00000159216",4.95540138751239e-05,FALSE
"417",0.343573031085926,1.79221808548244,808,"ENSG00000179915",4.95540138751239e-05,FALSE
"418",0.343573031085926,1.52276902813712,983,"ENSG00000244879",4.95540138751239e-05,FALSE
"419",0.347695646524829,-2.37048133200349,53,"ENSG00000049883",4.95540138751239e-05,FALSE
"420",0.347695646524829,2.29421470635718,238,"ENSG00000109184",4.95540138751239e-05,FALSE
"421",0.347695646524829,1.72868419444438,536,"ENSG00000145868",4.95540138751239e-05,FALSE
"422",0.347695646524829,0.857966905672807,576,"ENSG00000151338",4.95540138751239e-05,FALSE
"423",0.347695646524829,0.989153324926425,749,"ENSG00000170919",4.95540138751239e-05,FALSE
"424",0.35184958643115,0.0783481138055002,25,"ENSG00000023228",4.95540138751239e-05,FALSE
"425",0.35184958643115,-4.68617556900876,702,"ENSG00000165392",4.95540138751239e-05,FALSE
"426",0.35184958643115,-1.76380970456394,876,"ENSG00000196220",4.95540138751239e-05,FALSE
"427",0.356034816874159,0.622242633639782,771,"ENSG00000173064",4.95540138751239e-05,FALSE
"428",0.356034816874159,-7.56367017286939,893,"ENSG00000197181",4.95540138751239e-05,FALSE
"429",0.356034816874159,1.35937155125543,928,"ENSG00000198793",4.95540138751239e-05,FALSE
"430",0.360251299586203,-1.55913353872747,139,"ENSG00000084674",4.95540138751239e-05,FALSE
"431",0.360251299586203,1.69983835889488,427,"ENSG00000134982",4.95540138751239e-05,FALSE
"432",0.360251299586203,0.901603826449897,668,"ENSG00000163629",4.95540138751239e-05,FALSE
"433",0.360251299586203,0.446449892584042,712,"ENSG00000166206",4.95540138751239e-05,FALSE
"434",0.360251299586203,-1030.431739549,936,"ENSG00000198888",4.95540138751239e-05,FALSE
"435",0.36449899193767,-2.05541200886869,40,"ENSG00000042980",4.95540138751239e-05,FALSE
"436",0.36449899193767,-760.864572075834,937,"ENSG00000198899",4.95540138751239e-05,FALSE
"437",0.368777846912897,-1.94908697355474,71,"ENSG00000064393",4.95540138751239e-05,FALSE
"438",0.368777846912897,-1.02056231368917,522,"ENSG00000144730",4.95540138751239e-05,FALSE
"439",0.368777846912897,-1.95995811432506,551,"ENSG00000147862",4.95540138751239e-05,FALSE
"440",0.368777846912897,1.37790127808795,868,"ENSG00000189079",4.95540138751239e-05,FALSE
"441",0.368777846912897,1.1390814210443,974,"ENSG00000234899",4.95540138751239e-05,FALSE
"442",0.368777846912897,-0.0740359532444472,986,"ENSG00000248713",4.95540138751239e-05,FALSE
"443",0.373087813087048,1.69776267009685,98,"ENSG00000073910",4.95540138751239e-05,FALSE
"444",0.373087813087048,1.02973818926252,190,"ENSG00000102595",4.95540138751239e-05,FALSE
"445",0.373087813087048,1.42795745061437,275,"ENSG00000113594",4.95540138751239e-05,FALSE
"446",0.373087813087048,1.77583611594774,494,"ENSG00000141431",4.95540138751239e-05,FALSE
"447",0.377428834603971,-3.5667177254054,5,"ENSG00000004846",4.95540138751239e-05,FALSE
"448",0.377428834603971,1.4442723010669,747,"ENSG00000170500",4.95540138751239e-05,FALSE
"449",0.377428834603971,2.02212912334961,846,"ENSG00000185842",4.95540138751239e-05,FALSE
"450",0.377428834603971,-2.24170294963176,979,"ENSG00000242715",4.95540138751239e-05,FALSE
"451",0.381800851155054,1.93901805100643,61,"ENSG00000055332",4.95540138751239e-05,FALSE
"452",0.381800851155054,-0.644677776590335,1009,"ENSG00000281344",4.95540138751239e-05,FALSE
"453",0.38620379795908,1.68250397978297,17,"ENSG00000011465",4.95540138751239e-05,FALSE
"454",0.38620379795908,2.01569422443369,146,"ENSG00000088179",4.95540138751239e-05,FALSE
"455",0.38620379795908,-2.71829306827999,379,"ENSG00000128655",4.95540138751239e-05,FALSE
"456",0.38620379795908,2.06040666213347,504,"ENSG00000143355",4.95540138751239e-05,FALSE
"457",0.38620379795908,1.62626139140371,540,"ENSG00000146263",4.95540138751239e-05,FALSE
"458",0.38620379795908,0.783324939085835,560,"ENSG00000149639",4.95540138751239e-05,FALSE
"459",0.38620379795908,0.232452965540254,583,"ENSG00000152104",4.95540138751239e-05,FALSE
"460",0.38620379795908,0.618310792773304,637,"ENSG00000158445",4.95540138751239e-05,FALSE
"461",0.38620379795908,0.165025444309101,744,"ENSG00000169894",4.95540138751239e-05,FALSE
"462",0.390637605743116,1.82880842575922,272,"ENSG00000113448",4.95540138751239e-05,FALSE
"463",0.390637605743116,1.66392389460479,428,"ENSG00000134987",4.95540138751239e-05,FALSE
"464",0.390637605743116,2.6104384668388,764,"ENSG00000172766",4.95540138751239e-05,FALSE
"465",0.395102200724431,1.56488370703459,227,"ENSG00000107249",4.95540138751239e-05,FALSE
"466",0.395102200724431,-0.721490855593883,590,"ENSG00000152767",4.95540138751239e-05,FALSE
"467",0.395102200724431,1.3393980397276,736,"ENSG00000169213",4.95540138751239e-05,FALSE
"468",0.395102200724431,2.29280718296315,737,"ENSG00000169359",4.95540138751239e-05,FALSE
"469",0.395102200724431,1.41218260186535,746,"ENSG00000169946",4.95540138751239e-05,FALSE
"470",0.399597504593466,0.757773384607997,337,"ENSG00000120802",4.95540138751239e-05,FALSE
"471",0.399597504593466,1.90474786383167,406,"ENSG00000133226",4.95540138751239e-05,FALSE
"472",0.399597504593466,-0.0918856131828747,437,"ENSG00000136021",4.95540138751239e-05,FALSE
"473",0.399597504593466,2.27372771787903,464,"ENSG00000138347",4.95540138751239e-05,FALSE
"474",0.399597504593466,1.61618459326656,486,"ENSG00000140386",4.95540138751239e-05,FALSE
"475",0.404123434497868,1.06769590791646,23,"ENSG00000021776",4.95540138751239e-05,FALSE
"476",0.404123434497868,1.89383757452946,356,"ENSG00000124198",4.95540138751239e-05,FALSE
"477",0.404123434497868,-1.49198244742818,410,"ENSG00000133424",4.95540138751239e-05,FALSE
"478",0.404123434497868,2.85625016612332,466,"ENSG00000138434",4.95540138751239e-05,FALSE
"479",0.404123434497868,1.39834627223171,677,"ENSG00000164124",4.95540138751239e-05,FALSE
"480",0.408679903027591,2.40487688477793,18,"ENSG00000017260",4.95540138751239e-05,FALSE
"481",0.408679903027591,1.09351566846053,161,"ENSG00000092439",4.95540138751239e-05,FALSE
"482",0.408679903027591,-3.0901438523029,309,"ENSG00000117155",4.95540138751239e-05,FALSE
"483",0.408679903027591,1.36747247196075,515,"ENSG00000144320",4.95540138751239e-05,FALSE
"484",0.408679903027591,1.00043263391584,547,"ENSG00000147459",4.95540138751239e-05,FALSE
"485",0.408679903027591,-0.760478636981087,579,"ENSG00000151789",4.95540138751239e-05,FALSE
"486",0.408679903027591,-3.0324602328511,867,"ENSG00000189056",4.95540138751239e-05,FALSE
"487",0.408679903027591,-0.861905625179972,877,"ENSG00000196295",4.95540138751239e-05,FALSE
"488",0.413266818201097,-1.65221471832204,36,"ENSG00000039139",4.95540138751239e-05,FALSE
"489",0.413266818201097,-1.51674465889811,381,"ENSG00000128915",4.95540138751239e-05,FALSE
"490",0.413266818201097,0.2684324663383,397,"ENSG00000131711",4.95540138751239e-05,FALSE
"491",0.413266818201097,1.45931058026982,474,"ENSG00000138758",4.95540138751239e-05,FALSE
"492",0.413266818201097,1.89756679949637,564,"ENSG00000150403",4.95540138751239e-05,FALSE
"493",0.413266818201097,0.822904004103357,794,"ENSG00000177200",4.95540138751239e-05,FALSE
"494",0.413266818201097,-7.76499681144075,829,"ENSG00000183508",4.95540138751239e-05,FALSE
"495",0.413266818201097,0.835949092264993,962,"ENSG00000225830",4.95540138751239e-05,FALSE
"496",0.413266818201097,-1.80945017317251,966,"ENSG00000228624",4.95540138751239e-05,FALSE
"497",0.413266818201097,1.50910783982451,987,"ENSG00000248905",4.95540138751239e-05,FALSE
"498",0.417884083452642,-0.787611710138737,215,"ENSG00000105877",4.95540138751239e-05,FALSE
"499",0.417884083452642,1.47810122486039,228,"ENSG00000107643",4.95540138751239e-05,FALSE
"500",0.417884083452642,1.59711735809071,247,"ENSG00000110693",4.95540138751239e-05,FALSE
"501",0.417884083452642,0.510947094604798,251,"ENSG00000111452",4.95540138751239e-05,FALSE
"502",0.417884083452642,0.84461127299188,264,"ENSG00000112200",4.95540138751239e-05,FALSE
"503",0.417884083452642,-1.95529481179213,358,"ENSG00000124406",4.95540138751239e-05,FALSE
"504",0.417884083452642,-0.243718257324563,465,"ENSG00000138411",4.95540138751239e-05,FALSE
"505",0.417884083452642,3.57538765846751,501,"ENSG00000143079",4.95540138751239e-05,FALSE
"506",0.417884083452642,0.207799916463467,781,"ENSG00000174306",4.95540138751239e-05,FALSE
"507",0.417884083452642,0.380905137724898,905,"ENSG00000198087",4.95540138751239e-05,FALSE
"508",0.417884083452642,-1.53786934809868,910,"ENSG00000198265",4.95540138751239e-05,FALSE
"509",0.422531597620685,1.09754079779656,105,"ENSG00000075568",4.95540138751239e-05,FALSE
"510",0.422531597620685,1.25333283793837,664,"ENSG00000163539",4.95540138751239e-05,FALSE
"511",0.427209254937407,0.62646413397994,10,"ENSG00000007372",4.95540138751239e-05,FALSE
"512",0.427209254937407,1.48644487961912,184,"ENSG00000101751",4.95540138751239e-05,FALSE
"513",0.427209254937407,3.36409723531485,240,"ENSG00000109670",4.95540138751239e-05,FALSE
"514",0.427209254937407,2.25413164740967,424,"ENSG00000134762",4.95540138751239e-05,FALSE
"515",0.427209254937407,-3.90472620356429,439,"ENSG00000136141",4.95540138751239e-05,FALSE
"516",0.427209254937407,-2.47440060257443,535,"ENSG00000145864",4.95540138751239e-05,FALSE
"517",0.427209254937407,0.287835946223954,594,"ENSG00000153147",4.95540138751239e-05,FALSE
"518",0.427209254937407,-2.53478267362768,623,"ENSG00000156299",4.95540138751239e-05,FALSE
"519",0.431916945019373,0.164298508702059,152,"ENSG00000090863",4.95540138751239e-05,FALSE
"520",0.431916945019373,0.807890189558307,153,"ENSG00000091128",4.95540138751239e-05,FALSE
"521",0.431916945019373,-1.4699771100156,316,"ENSG00000118257",4.95540138751239e-05,FALSE
"522",0.431916945019373,0.813312225905372,724,"ENSG00000166833",4.95540138751239e-05,FALSE
"523",0.431916945019373,1.46254278399843,878,"ENSG00000196458",4.95540138751239e-05,FALSE
"524",0.436654552859327,-2.02577476909981,657,"ENSG00000162981",4.95540138751239e-05,FALSE
"525",0.436654552859327,1.22685453817657,941,"ENSG00000204120",4.95540138751239e-05,FALSE
"526",0.441421958819151,1.53124931752762,258,"ENSG00000111879",4.95540138751239e-05,FALSE
"527",0.441421958819151,-0.762163950464743,357,"ENSG00000124275",4.95540138751239e-05,FALSE
"528",0.441421958819151,0.499207976640466,444,"ENSG00000136267",4.95540138751239e-05,FALSE
"529",0.441421958819151,1.54070237620732,963,"ENSG00000226674",4.95540138751239e-05,FALSE
"530",0.446219038623974,-1.59267033728862,45,"ENSG00000047849",4.95540138751239e-05,FALSE
"531",0.446219038623974,1.59771929228603,307,"ENSG00000117114",4.95540138751239e-05,FALSE
"532",0.446219038623974,1.6296792209856,360,"ENSG00000124721",4.95540138751239e-05,FALSE
"533",0.446219038623974,1.42678709688464,378,"ENSG00000128609",4.95540138751239e-05,FALSE
"534",0.446219038623974,0.68032484627479,531,"ENSG00000145592",4.95540138751239e-05,FALSE
"535",0.446219038623974,0.729763379236813,534,"ENSG00000145819",4.95540138751239e-05,FALSE
"536",0.446219038623974,-1.01080611663884,856,"ENSG00000187775",4.95540138751239e-05,FALSE
"537",0.446219038623974,-3.8048957590443,859,"ENSG00000188419",4.95540138751239e-05,FALSE
"538",0.451045663357461,2.57080157511943,252,"ENSG00000111554",4.95540138751239e-05,FALSE
"539",0.451045663357461,0.703431459649003,449,"ENSG00000137413",4.95540138751239e-05,FALSE
"540",0.451045663357461,-1.99796837652335,734,"ENSG00000169083",4.95540138751239e-05,FALSE
"541",0.451045663357461,1.39944367118651,862,"ENSG00000188738",4.95540138751239e-05,FALSE
"542",0.455901699458284,0.506671033086263,213,"ENSG00000105810",4.95540138751239e-05,FALSE
"543",0.455901699458284,1.23418838590073,706,"ENSG00000165671",4.95540138751239e-05,FALSE
"544",0.460787008717772,1.09264964397547,447,"ENSG00000136824",4.95540138751239e-05,FALSE
"545",0.460787008717772,0.213818978198987,959,"ENSG00000224078",4.95540138751239e-05,FALSE
"546",0.465701448278774,1.82515043440352,109,"ENSG00000077264",4.95540138751239e-05,FALSE
"547",0.465701448278774,1.10122628791578,496,"ENSG00000141622",4.95540138751239e-05,FALSE
"548",0.465701448278774,-0.112290608528586,951,"ENSG00000213047",4.95540138751239e-05,FALSE
"549",0.465701448278774,0.939301112870476,993,"ENSG00000257923",4.95540138751239e-05,FALSE
"550",0.470644870635708,2.3752637188257,11,"ENSG00000008277",4.95540138751239e-05,FALSE
"551",0.470644870635708,0.698204067658196,48,"ENSG00000048649",4.95540138751239e-05,FALSE
"552",0.470644870635708,1.31967471414897,175,"ENSG00000100523",4.95540138751239e-05,FALSE
"553",0.470644870635708,-0.438630595653994,182,"ENSG00000101638",4.95540138751239e-05,FALSE
"554",0.470644870635708,1.29691426581107,945,"ENSG00000205592",4.95540138751239e-05,FALSE
"555",0.47561712363584,0.523623541796351,293,"ENSG00000115423",4.95540138751239e-05,FALSE
"556",0.47561712363584,1.21669038508059,472,"ENSG00000138688",4.95540138751239e-05,FALSE
"557",0.47561712363584,2.31966539599763,629,"ENSG00000157625",4.95540138751239e-05,FALSE
"558",0.480618050481769,-1.59523105674566,518,"ENSG00000144452",4.95540138751239e-05,FALSE
"559",0.480618050481769,2.02785737109075,548,"ENSG00000147488",4.95540138751239e-05,FALSE
"560",0.480618050481769,-2.09200437656296,679,"ENSG00000164136",4.95540138751239e-05,FALSE
"561",0.480618050481769,1.15680325770764,729,"ENSG00000168675",4.95540138751239e-05,FALSE
"562",0.480618050481769,0.581943350763831,960,"ENSG00000224086",4.95540138751239e-05,FALSE
"563",0.485647489735141,0.458502860388155,259,"ENSG00000111912",4.95540138751239e-05,FALSE
"564",0.485647489735141,-1.21952653486965,441,"ENSG00000136205",4.95540138751239e-05,FALSE
"565",0.485647489735141,-6.41744376012554,620,"ENSG00000156140",4.95540138751239e-05,FALSE
"566",0.485647489735141,0.799784929046716,884,"ENSG00000196705",4.95540138751239e-05,FALSE
"567",0.485647489735141,-1.33197935141873,944,"ENSG00000205056",4.95540138751239e-05,FALSE
"568",0.485647489735141,0.935201249399217,976,"ENSG00000236778",4.95540138751239e-05,FALSE
"569",0.490705275321597,-2.01989163255361,144,"ENSG00000086758",4.95540138751239e-05,FALSE
"570",0.490705275321597,-1.08792119711264,164,"ENSG00000095787",4.95540138751239e-05,FALSE
"571",0.490705275321597,0.742689383884542,212,"ENSG00000105792",4.95540138751239e-05,FALSE
"572",0.490705275321597,-2.18442181317616,341,"ENSG00000121904",4.95540138751239e-05,FALSE
"573",0.490705275321597,1.41681313691944,418,"ENSG00000133863",4.95540138751239e-05,FALSE
"574",0.490705275321597,1.31759893930547,492,"ENSG00000141052",4.95540138751239e-05,FALSE
"575",0.490705275321597,-1.4503197269822,775,"ENSG00000173482",4.95540138751239e-05,FALSE
"576",0.490705275321597,0.631788197631547,810,"ENSG00000180182",4.95540138751239e-05,FALSE
"577",0.490705275321597,1.90358072513124,812,"ENSG00000180287",4.95540138751239e-05,FALSE
"578",0.490705275321597,-0.224247982975445,918,"ENSG00000198673",4.95540138751239e-05,FALSE
"579",0.495791236536958,1.2570731370607,134,"ENSG00000083168",4.95540138751239e-05,FALSE
"580",0.495791236536958,-1.35330190266291,234,"ENSG00000108219",4.95540138751239e-05,FALSE
"581",0.495791236536958,1.18233078767848,324,"ENSG00000119537",4.95540138751239e-05,FALSE
"582",0.495791236536958,0.456561264462369,398,"ENSG00000132300",4.95540138751239e-05,FALSE
"583",0.500905198054639,2.12126078604238,151,"ENSG00000090376",4.95540138751239e-05,FALSE
"584",0.500905198054639,-2.34426336639567,299,"ENSG00000115993",4.95540138751239e-05,FALSE
"585",0.500905198054639,1.34206537915558,456,"ENSG00000137845",4.95540138751239e-05,FALSE
"586",0.500905198054639,-1.28812674292584,575,"ENSG00000151322",4.95540138751239e-05,FALSE
"587",0.500905198054639,1.54484059511012,663,"ENSG00000163492",4.95540138751239e-05,FALSE
"588",0.506046979934328,1.71464709275402,189,"ENSG00000102189",4.95540138751239e-05,FALSE
"589",0.506046979934328,-1.5374011524732,530,"ENSG00000145555",4.95540138751239e-05,FALSE
"590",0.506046979934328,1.6908118702823,980,"ENSG00000242808",4.95540138751239e-05,FALSE
"591",0.511216397631902,0.68243860324781,288,"ENSG00000115183",4.95540138751239e-05,FALSE
"592",0.511216397631902,1.31050486792937,322,"ENSG00000119139",4.95540138751239e-05,FALSE
"593",0.511216397631902,1.09379934322594,395,"ENSG00000131558",4.95540138751239e-05,FALSE
"594",0.511216397631902,-0.936761662485392,512,"ENSG00000144061",4.95540138751239e-05,FALSE
"595",0.511216397631902,-1.72789623673157,513,"ENSG00000144283",4.95540138751239e-05,FALSE
"596",0.511216397631902,-0.926898815115955,635,"ENSG00000158352",4.95540138751239e-05,FALSE
"597",0.511216397631902,1.62340103565115,707,"ENSG00000165699",4.95540138751239e-05,FALSE
"598",0.516413262010599,2.09248963402835,35,"ENSG00000038427",4.95540138751239e-05,FALSE
"599",0.516413262010599,0.969837245388391,68,"ENSG00000061987",4.95540138751239e-05,FALSE
"600",0.516413262010599,-2.29272731148614,119,"ENSG00000079308",4.95540138751239e-05,FALSE
"601",0.516413262010599,-2.38095931593245,237,"ENSG00000108587",4.95540138751239e-05,FALSE
"602",0.516413262010599,1.49043787842054,509,"ENSG00000143951",4.95540138751239e-05,FALSE
"603",0.516413262010599,1.50327423720394,524,"ENSG00000144824",4.95540138751239e-05,FALSE
"604",0.516413262010599,0.25247509483512,720,"ENSG00000166557",4.95540138751239e-05,FALSE
"605",0.516413262010599,0.893242064204292,778,"ENSG00000173821",4.95540138751239e-05,FALSE
"606",0.516413262010599,0.203041614881474,998,"ENSG00000270641",4.95540138751239e-05,FALSE
"607",0.516413262010599,-0.824543539921464,1000,"ENSG00000273079",4.95540138751239e-05,FALSE
"608",0.52163737935345,1.18155118330403,69,"ENSG00000062725",4.95540138751239e-05,FALSE
"609",0.52163737935345,-2.28394020195348,335,"ENSG00000120694",4.95540138751239e-05,FALSE
"610",0.52163737935345,0.600351979200322,429,"ENSG00000135090",4.95540138751239e-05,FALSE
"611",0.52163737935345,0.476897709194361,529,"ENSG00000145375",4.95540138751239e-05,FALSE
"612",0.52163737935345,1.50443051454874,714,"ENSG00000166263",4.95540138751239e-05,FALSE
"613",0.52163737935345,0.68375601699206,915,"ENSG00000198586",4.95540138751239e-05,FALSE
"614",0.526888551376968,-1.17855558759143,321,"ENSG00000118997",4.95540138751239e-05,FALSE
"615",0.526888551376968,0.512427552656948,538,"ENSG00000146021",4.95540138751239e-05,FALSE
"616",0.526888551376968,-1.30359454838903,676,"ENSG00000164080",4.95540138751239e-05,FALSE
"617",0.526888551376968,1.36387371020012,949,"ENSG00000211448",4.95540138751239e-05,FALSE
"618",0.532166575246098,-0.882880651760008,206,"ENSG00000104447",4.95540138751239e-05,FALSE
"619",0.532166575246098,-1.57490446984125,359,"ENSG00000124486",4.95540138751239e-05,FALSE
"620",0.532166575246098,-1.24286254550239,432,"ENSG00000135678",4.95540138751239e-05,FALSE
"621",0.532166575246098,0.492221967723186,617,"ENSG00000155966",4.95540138751239e-05,FALSE
"622",0.532166575246098,1.25624312126602,934,"ENSG00000198862",4.95540138751239e-05,FALSE
"623",0.537471243590432,1.04870344638915,74,"ENSG00000065526",4.95540138751239e-05,FALSE
"624",0.537471243590432,-1.4661875829544,170,"ENSG00000099954",4.95540138751239e-05,FALSE
"625",0.537471243590432,-0.723482709536178,199,"ENSG00000103994",4.95540138751239e-05,FALSE
"626",0.537471243590432,0.196262126635713,305,"ENSG00000116731",4.95540138751239e-05,FALSE
"627",0.537471243590432,0.564663100161853,416,"ENSG00000133816",4.95540138751239e-05,FALSE
"628",0.537471243590432,2.03938445587919,443,"ENSG00000136237",4.95540138751239e-05,FALSE
"629",0.537471243590432,-0.278851366386306,840,"ENSG00000185219",4.95540138751239e-05,FALSE
"630",0.537471243590432,0.966637779865568,938,"ENSG00000198919",4.95540138751239e-05,FALSE
"631",0.542802344521692,3.06576640634901,110,"ENSG00000078018",4.95540138751239e-05,FALSE
"632",0.542802344521692,-2.01472578141385,148,"ENSG00000089335",4.95540138751239e-05,FALSE
"633",0.542802344521692,-1.393699370218,183,"ENSG00000101670",4.95540138751239e-05,FALSE
"634",0.542802344521692,-2.07101861614588,320,"ENSG00000118873",4.95540138751239e-05,FALSE
"635",0.542802344521692,0.908901037924061,600,"ENSG00000153914",4.95540138751239e-05,FALSE
"636",0.542802344521692,-0.977877401513982,853,"ENSG00000187079",4.95540138751239e-05,FALSE
"637",0.548159661652468,-1.5838627797019,558,"ENSG00000148842",4.95540138751239e-05,FALSE
"638",0.548159661652468,-2.51103103135461,833,"ENSG00000184305",4.95540138751239e-05,FALSE
"639",0.553542974116231,-0.107800929592919,8,"ENSG00000005810",4.95540138751239e-05,FALSE
"640",0.553542974116231,0.321318068502901,174,"ENSG00000100503",4.95540138751239e-05,FALSE
"641",0.553542974116231,0.541620856286244,585,"ENSG00000152242",4.95540138751239e-05,FALSE
"642",0.553542974116231,0.357349290742278,622,"ENSG00000156273",4.95540138751239e-05,FALSE
"643",0.553542974116231,-1.76109793408597,630,"ENSG00000157680",4.95540138751239e-05,FALSE
"644",0.553542974116231,-0.262208779604837,896,"ENSG00000197594",4.95540138751239e-05,FALSE
"645",0.553542974116231,-0.554383624210537,932,"ENSG00000198838",4.95540138751239e-05,FALSE
"646",0.558952056588611,0.560887901805554,314,"ENSG00000118058",4.95540138751239e-05,FALSE
"647",0.558952056588611,-2.63483537805864,763,"ENSG00000172493",4.95540138751239e-05,FALSE
"648",0.558952056588611,-1.55682917934767,916,"ENSG00000198589",4.95540138751239e-05,FALSE
"649",0.564386679309931,-0.812843221856934,9,"ENSG00000007174",4.95540138751239e-05,FALSE
"650",0.564386679309931,-0.945828100367684,66,"ENSG00000060138",4.95540138751239e-05,FALSE
"651",0.564386679309931,-1.20791604357293,171,"ENSG00000100225",4.95540138751239e-05,FALSE
"652",0.564386679309931,-1.85895413365161,758,"ENSG00000171914",4.95540138751239e-05,FALSE
"653",0.564386679309931,1.08387018013287,968,"ENSG00000229807",4.95540138751239e-05,FALSE
"654",0.569846608109018,-0.331434523988367,230,"ENSG00000107863",4.95540138751239e-05,FALSE
"655",0.569846608109018,-1.41896231433207,477,"ENSG00000138829",4.95540138751239e-05,FALSE
"656",0.569846608109018,1.25712036804385,673,"ENSG00000163714",4.95540138751239e-05,FALSE
"657",0.575331604428258,0.619523482138188,26,"ENSG00000023516",4.95540138751239e-05,FALSE
"658",0.575331604428258,0.466930463568698,236,"ENSG00000108510",4.95540138751239e-05,FALSE
"659",0.575331604428258,-0.959326603285909,266,"ENSG00000112379",4.95540138751239e-05,FALSE
"660",0.575331604428258,-0.0182235474973993,346,"ENSG00000122545",4.95540138751239e-05,FALSE
"661",0.575331604428258,1.57979974916765,421,"ENSG00000134313",4.95540138751239e-05,FALSE
"662",0.575331604428258,-1.23547799730366,457,"ENSG00000137941",4.95540138751239e-05,FALSE
"663",0.575331604428258,1.69302240856396,687,"ENSG00000164684",4.95540138751239e-05,FALSE
"664",0.580841425349929,1.751356250664,20,"ENSG00000018408",4.95540138751239e-05,FALSE
"665",0.580841425349929,-1.55293600869687,21,"ENSG00000018510",4.95540138751239e-05,FALSE
"666",0.580841425349929,0.579689258306241,47,"ENSG00000048471",4.95540138751239e-05,FALSE
"667",0.580841425349929,0.0701620008534718,116,"ENSG00000078328",4.95540138751239e-05,FALSE
"668",0.580841425349929,-0.950157392728254,279,"ENSG00000114739",4.95540138751239e-05,FALSE
"669",0.580841425349929,0.521381565263454,313,"ENSG00000117859",4.95540138751239e-05,FALSE
"670",0.580841425349929,1.41376802147229,328,"ENSG00000119772",4.95540138751239e-05,FALSE
"671",0.580841425349929,-1.14283534459193,550,"ENSG00000147724",4.95540138751239e-05,FALSE
"672",0.580841425349929,0.00110040762083941,592,"ENSG00000152990",4.95540138751239e-05,FALSE
"673",0.580841425349929,0.24595137163689,684,"ENSG00000164398",4.95540138751239e-05,FALSE
"674",0.580841425349929,0.951077307629715,742,"ENSG00000169876",4.95540138751239e-05,FALSE
"675",0.580841425349929,0.2345085206905,882,"ENSG00000196628",4.95540138751239e-05,FALSE
"676",0.580841425349929,-0.835950544931306,890,"ENSG00000197077",4.95540138751239e-05,FALSE
"677",0.586375823623778,2.20929411126036,334,"ENSG00000120549",4.95540138751239e-05,FALSE
"678",0.586375823623778,-0.572363411156832,454,"ENSG00000137770",4.95540138751239e-05,FALSE
"679",0.586375823623778,-0.381145788453921,750,"ENSG00000170921",4.95540138751239e-05,FALSE
"680",0.591934547695853,0.709001793182168,434,"ENSG00000135775",4.95540138751239e-05,FALSE
"681",0.591934547695853,0.286400522571,463,"ENSG00000138246",4.95540138751239e-05,FALSE
"682",0.591934547695853,0.806460952336622,568,"ENSG00000151012",4.95540138751239e-05,FALSE
"683",0.591934547695853,-1.15221301043745,717,"ENSG00000166444",4.95540138751239e-05,FALSE
"684",0.591934547695853,-0.970120677257757,735,"ENSG00000169118",4.95540138751239e-05,FALSE
"685",0.591934547695853,0.897118989372071,759,"ENSG00000172175",4.95540138751239e-05,FALSE
"686",0.597517341738591,-0.692307660440388,269,"ENSG00000112893",4.95540138751239e-05,FALSE
"687",0.597517341738591,1.2623174015278,503,"ENSG00000143341",4.95540138751239e-05,FALSE
"688",0.597517341738591,-2.06921096201896,596,"ENSG00000153560",4.95540138751239e-05,FALSE
"689",0.603123945682143,-2.69310551365262,76,"ENSG00000065609",4.95540138751239e-05,FALSE
"690",0.603123945682143,0.486837753307892,169,"ENSG00000099250",4.95540138751239e-05,FALSE
"691",0.603123945682143,1.14495041245437,304,"ENSG00000116641",4.95540138751239e-05,FALSE
"692",0.603123945682143,-2.07667052524537,632,"ENSG00000157890",4.95540138751239e-05,FALSE
"693",0.608754095246945,-0.480367310388836,90,"ENSG00000070182",4.95540138751239e-05,FALSE
"694",0.608754095246945,-1.45386823177863,130,"ENSG00000082212",4.95540138751239e-05,FALSE
"695",0.608754095246945,0.978227010321351,440,"ENSG00000136153",4.95540138751239e-05,FALSE
"696",0.608754095246945,-1.94267064280287,624,"ENSG00000156475",4.95540138751239e-05,FALSE
"697",0.608754095246945,0.278806003019948,760,"ENSG00000172296",4.95540138751239e-05,FALSE
"698",0.608754095246945,0.497478021230354,931,"ENSG00000198836",4.95540138751239e-05,FALSE
"699",0.614407521977523,-1.12256179453832,149,"ENSG00000089916",4.95540138751239e-05,FALSE
"700",0.614407521977523,0.849952437641644,245,"ENSG00000110429",4.95540138751239e-05,FALSE
"701",0.614407521977523,-1.91441895763936,498,"ENSG00000141655",4.95540138751239e-05,FALSE
"702",0.614407521977523,1.01551088211047,532,"ENSG00000145725",4.95540138751239e-05,FALSE
"703",0.614407521977523,1.60794528004304,628,"ENSG00000157542",4.95540138751239e-05,FALSE
"704",0.614407521977523,0.541368259349461,807,"ENSG00000179869",4.95540138751239e-05,FALSE
"705",0.620083953277527,-1.00974416362591,85,"ENSG00000069329",4.95540138751239e-05,FALSE
"706",0.620083953277527,-0.351108012147282,233,"ENSG00000108018",4.95540138751239e-05,FALSE
"707",0.620083953277527,1.11416567065866,665,"ENSG00000163596",4.95540138751239e-05,FALSE
"708",0.620083953277527,0.096847014562961,837,"ENSG00000184956",4.95540138751239e-05,FALSE
"709",0.625783112445988,-0.793315925466626,774,"ENSG00000173273",4.95540138751239e-05,FALSE
"710",0.625783112445988,0.0837164387015861,835,"ENSG00000184384",4.95540138751239e-05,FALSE
"711",0.631504718714792,-1.13004734844188,150,"ENSG00000090060",4.95540138751239e-05,FALSE
"712",0.631504718714792,0.610300612280728,282,"ENSG00000114857",4.95540138751239e-05,FALSE
"713",0.637248487287364,1.11393920609613,30,"ENSG00000030419",4.95540138751239e-05,FALSE
"714",0.637248487287364,1.75499779185779,159,"ENSG00000091831",4.95540138751239e-05,FALSE
"715",0.637248487287364,0.474382567647885,173,"ENSG00000100461",4.95540138751239e-05,FALSE
"716",0.637248487287364,-0.754915032610686,612,"ENSG00000154864",4.95540138751239e-05,FALSE
"717",0.637248487287364,0.544986160224664,994,"ENSG00000261115",4.95540138751239e-05,FALSE
"718",0.643014129378548,-2.13864132457315,355,"ENSG00000124177",4.95540138751239e-05,FALSE
"719",0.648801352255692,-1.01192231509501,262,"ENSG00000112159",4.95540138751239e-05,FALSE
"720",0.648801352255692,0.653174426871871,792,"ENSG00000176542",4.95540138751239e-05,FALSE
"721",0.654609859280902,-0.766114733470896,338,"ENSG00000121570",4.95540138751239e-05,FALSE
"722",0.654609859280902,-0.912734529476914,701,"ENSG00000165338",4.95540138751239e-05,FALSE
"723",0.654609859280902,0.603294785939475,780,"ENSG00000174197",4.95540138751239e-05,FALSE
"724",0.660439349954483,-0.671967509728013,34,"ENSG00000038382",4.95540138751239e-05,FALSE
"725",0.660439349954483,-0.940621171022839,51,"ENSG00000049618",4.95540138751239e-05,FALSE
"726",0.660439349954483,-0.54642809039208,207,"ENSG00000104490",4.95540138751239e-05,FALSE
"727",0.660439349954483,-1.07056380343671,412,"ENSG00000133657",4.95540138751239e-05,FALSE
"728",0.660439349954483,-0.145332165704323,800,"ENSG00000178104",4.95540138751239e-05,FALSE
"729",0.660439349954483,0.461559518859676,946,"ENSG00000205726",4.95540138751239e-05,FALSE
"730",0.660439349954483,0.680413934491577,977,"ENSG00000242086",4.95540138751239e-05,FALSE
"731",0.666289519959541,0.242843266016983,132,"ENSG00000082898",4.95540138751239e-05,FALSE
"732",0.666289519959541,0.666103932725097,303,"ENSG00000116396",4.95540138751239e-05,FALSE
"733",0.666289519959541,-0.43690598846486,354,"ENSG00000123908",4.95540138751239e-05,FALSE
"734",0.666289519959541,-0.517728364715206,768,"ENSG00000172890",4.95540138751239e-05,FALSE
"735",0.666289519959541,-1.30528112288,863,"ENSG00000188803",4.95540138751239e-05,FALSE
"736",0.666289519959541,0.579616375095766,1006,"ENSG00000279159",4.95540138751239e-05,FALSE
"737",0.672160061207735,0.217096539694257,413,"ENSG00000133687",4.95540138751239e-05,FALSE
"738",0.672160061207735,0.691345191767233,601,"ENSG00000153933",4.95540138751239e-05,FALSE
"739",0.672160061207735,0.645910923249851,661,"ENSG00000163359",4.95540138751239e-05,FALSE
"740",0.678050661886185,0.544628188024173,145,"ENSG00000087274",4.95540138751239e-05,FALSE
"741",0.678050661886185,2.48397280182203,289,"ENSG00000115233",4.95540138751239e-05,FALSE
"742",0.678050661886185,-0.465624012401879,471,"ENSG00000138670",4.95540138751239e-05,FALSE
"743",0.678050661886185,0.688025193647718,476,"ENSG00000138767",4.95540138751239e-05,FALSE
"744",0.678050661886185,0.954667341701839,832,"ENSG00000184226",4.95540138751239e-05,FALSE
"745",0.678050661886185,-1.55780177797097,852,"ENSG00000186868",4.95540138751239e-05,FALSE
"746",0.683961006505501,-0.573334939303683,241,"ENSG00000109685",4.95540138751239e-05,FALSE
"747",0.683961006505501,-0.809313447377477,453,"ENSG00000137601",4.95540138751239e-05,FALSE
"748",0.683961006505501,0.688144857197361,667,"ENSG00000163625",4.95540138751239e-05,FALSE
"749",0.683961006505501,-0.4475956663363,715,"ENSG00000166377",4.95540138751239e-05,FALSE
"750",0.683961006505501,0.0147618257840989,904,"ENSG00000198046",4.95540138751239e-05,FALSE
"751",0.689890775948938,0.479369382877831,467,"ENSG00000138443",4.95540138751239e-05,FALSE
"752",0.689890775948938,-0.469205184314095,670,"ENSG00000163644",4.95540138751239e-05,FALSE
"753",0.689890775948938,1.67282629012341,769,"ENSG00000172915",4.95540138751239e-05,FALSE
"754",0.695839647522665,1.39894476844846,82,"ENSG00000067141",4.95540138751239e-05,FALSE
"755",0.695839647522665,1.28498732503762,186,"ENSG00000101972",4.95540138751239e-05,FALSE
"756",0.695839647522665,-1.14418453889208,195,"ENSG00000102908",4.95540138751239e-05,FALSE
"757",0.695839647522665,0.0331319799445211,752,"ENSG00000171365",4.95540138751239e-05,FALSE
"758",0.695839647522665,-0.471135906714784,805,"ENSG00000179532",4.95540138751239e-05,FALSE
"759",0.701807295007118,-0.696933909548033,187,"ENSG00000102081",4.95540138751239e-05,FALSE
"760",0.701807295007118,-1.46827230035545,216,"ENSG00000106034",4.95540138751239e-05,FALSE
"761",0.701807295007118,1.85398938145027,870,"ENSG00000189308",4.95540138751239e-05,FALSE
"762",0.707793388709452,0.591782389819134,50,"ENSG00000048991",4.95540138751239e-05,FALSE
"763",0.707793388709452,0.271059859904755,157,"ENSG00000091592",4.95540138751239e-05,FALSE
"764",0.707793388709452,0.198228532847311,656,"ENSG00000162849",4.95540138751239e-05,FALSE
"765",0.707793388709452,0.00817533210634735,722,"ENSG00000166710",4.95540138751239e-05,FALSE
"766",0.713797595517046,-0.810566629972122,95,"ENSG00000071282",4.95540138751239e-05,FALSE
"767",0.713797595517046,0.497237196848097,100,"ENSG00000075292",4.95540138751239e-05,FALSE
"768",0.713797595517046,0.0859198094865334,879,"ENSG00000196482",4.95540138751239e-05,FALSE
"769",0.719819578952078,-0.516198220770406,172,"ENSG00000100354",4.95540138751239e-05,FALSE
"770",0.719819578952078,0.251537440736776,223,"ENSG00000106443",4.95540138751239e-05,FALSE
"771",0.719819578952078,-1.04011416720047,232,"ENSG00000107929",4.95540138751239e-05,FALSE
"772",0.719819578952078,-0.258927056110711,285,"ENSG00000114999",4.95540138751239e-05,FALSE
"773",0.719819578952078,-1.11242498744192,351,"ENSG00000123213",4.95540138751239e-05,FALSE
"774",0.719819578952078,-0.377015627719761,785,"ENSG00000175054",4.95540138751239e-05,FALSE
"775",0.719819578952078,-1.22280726436497,875,"ENSG00000196208",4.95540138751239e-05,FALSE
"776",0.725858999227134,1.45500173154241,577,"ENSG00000151422",4.95540138751239e-05,FALSE
"777",0.725858999227134,-1.94252416019338,806,"ENSG00000179841",4.95540138751239e-05,FALSE
"778",0.725858999227134,1.68581306374566,917,"ENSG00000198625",4.95540138751239e-05,FALSE
"779",0.73191551330184,-1.44433183395864,160,"ENSG00000091986",4.95540138751239e-05,FALSE
"780",0.73191551330184,1.75144316677144,431,"ENSG00000135655",4.95540138751239e-05,FALSE
"781",0.73191551330184,-0.169656216908475,703,"ENSG00000165416",4.95540138751239e-05,FALSE
"782",0.737988774940512,-0.968986121785207,3,"ENSG00000003436",4.95540138751239e-05,FALSE
"783",0.737988774940512,-1.02596522007008,185,"ENSG00000101901",4.95540138751239e-05,FALSE
"784",0.737988774940512,-0.754341705623608,220,"ENSG00000106261",4.95540138751239e-05,FALSE
"785",0.737988774940512,0.633861492088936,326,"ENSG00000119596",4.95540138751239e-05,FALSE
"786",0.737988774940512,-1.12864286606919,961,"ENSG00000224897",4.95540138751239e-05,FALSE
"787",0.744078434770797,-0.375229977990827,352,"ENSG00000123243",4.95540138751239e-05,FALSE
"788",0.744078434770797,0.542706892081558,484,"ENSG00000139973",4.95540138751239e-05,FALSE
"789",0.744078434770797,0.170976540908608,688,"ENSG00000164692",4.95540138751239e-05,FALSE
"790",0.744078434770797,0.680228519155893,730,"ENSG00000168702",4.95540138751239e-05,FALSE
"791",0.744078434770797,1.01790644506101,772,"ENSG00000173068",4.95540138751239e-05,FALSE
"792",0.75018414034329,-1.55138003347718,64,"ENSG00000057019",4.95540138751239e-05,FALSE
"793",0.75018414034329,1.26908752263185,452,"ENSG00000137573",4.95540138751239e-05,FALSE
"794",0.75018414034329,0.821430980374004,491,"ENSG00000140937",4.95540138751239e-05,FALSE
"795",0.75018414034329,-1.11981900751275,527,"ENSG00000145087",4.95540138751239e-05,FALSE
"796",0.75018414034329,-2.0158183555802,542,"ENSG00000146414",4.95540138751239e-05,FALSE
"797",0.75018414034329,-0.648559627033045,692,"ENSG00000164953",4.95540138751239e-05,FALSE
"798",0.75018414034329,-0.326390262470614,871,"ENSG00000189337",4.95540138751239e-05,FALSE
"799",0.75018414034329,0.615003835162792,1008,"ENSG00000280383",4.95540138751239e-05,FALSE
"800",0.756305536192119,-3.89428738414957,103,"ENSG00000075413",4.95540138751239e-05,FALSE
"801",0.756305536192119,1.11755130235625,226,"ENSG00000107186",4.95540138751239e-05,FALSE
"802",0.756305536192119,0.555859084078307,366,"ENSG00000125257",4.95540138751239e-05,FALSE
"803",0.756305536192119,3.1925723106643,459,"ENSG00000137992",4.95540138751239e-05,FALSE
"804",0.756305536192119,0.0802398962627535,497,"ENSG00000141646",4.95540138751239e-05,FALSE
"805",0.756305536192119,0.774606850830363,561,"ENSG00000149948",4.95540138751239e-05,FALSE
"806",0.756305536192119,1.81746538536371,683,"ENSG00000164366",4.95540138751239e-05,FALSE
"807",0.762442263896469,-1.28920679308611,107,"ENSG00000077157",4.95540138751239e-05,FALSE
"808",0.762442263896469,0.621117592419452,135,"ENSG00000083520",4.95540138751239e-05,FALSE
"809",0.762442263896469,0.548453231890322,176,"ENSG00000100722",4.95540138751239e-05,FALSE
"810",0.762442263896469,-0.582594756259827,218,"ENSG00000106070",4.95540138751239e-05,FALSE
"811",0.762442263896469,0.205554963852684,400,"ENSG00000132554",4.95540138751239e-05,FALSE
"812",0.762442263896469,-1.12967240719012,460,"ENSG00000138095",4.95540138751239e-05,FALSE
"813",0.762442263896469,-0.855907775492685,516,"ENSG00000144406",4.95540138751239e-05,FALSE
"814",0.762442263896469,-1.74438432556916,586,"ENSG00000152256",4.95540138751239e-05,FALSE
"815",0.762442263896469,-0.662936083854156,796,"ENSG00000177511",4.95540138751239e-05,FALSE
"816",0.768593962143033,0.748886923601725,502,"ENSG00000143252",4.95540138751239e-05,FALSE
"817",0.768593962143033,0.21874132189626,539,"ENSG00000146243",4.95540138751239e-05,FALSE
"818",0.768593962143033,-0.212310698790262,817,"ENSG00000181722",4.95540138751239e-05,FALSE
"819",0.768593962143033,0.389920839674367,956,"ENSG00000215193",4.95540138751239e-05,FALSE
"820",0.774760266789378,-2.54752812506912,106,"ENSG00000076770",4.95540138751239e-05,FALSE
"821",0.774760266789378,0.621921592212036,204,"ENSG00000104290",4.95540138751239e-05,FALSE
"822",0.774760266789378,-1.37219192656701,704,"ENSG00000165521",4.95540138751239e-05,FALSE
"823",0.780940810928195,0.0509411783548366,114,"ENSG00000078295",4.95540138751239e-05,FALSE
"824",0.780940810928195,0.902989532052775,122,"ENSG00000080298",4.95540138751239e-05,FALSE
"825",0.780940810928195,-0.641133469518001,205,"ENSG00000104331",4.95540138751239e-05,FALSE
"826",0.780940810928195,-0.0390271526274013,250,"ENSG00000111058",4.95540138751239e-05,FALSE
"827",0.780940810928195,-0.611226194730669,514,"ENSG00000144285",4.95540138751239e-05,FALSE
"828",0.787135224952425,0.535431087007176,57,"ENSG00000052841",4.95540138751239e-05,FALSE
"829",0.787135224952425,1.43133817832453,425,"ENSG00000134853",4.95540138751239e-05,FALSE
"830",0.787135224952425,-0.815612376078445,611,"ENSG00000154678",4.95540138751239e-05,FALSE
"831",0.793343136621237,-0.772661511575325,6,"ENSG00000005483",4.95540138751239e-05,FALSE
"832",0.793343136621237,-1.07605536113108,242,"ENSG00000109686",4.95540138751239e-05,FALSE
"833",0.793343136621237,-0.477604354781516,625,"ENSG00000156687",4.95540138751239e-05,FALSE
"834",0.799564171126835,-0.968657839864946,179,"ENSG00000100852",4.95540138751239e-05,FALSE
"835",0.799564171126835,1.00885619923507,246,"ENSG00000110436",4.95540138751239e-05,FALSE
"836",0.799564171126835,0.775364138322985,813,"ENSG00000180628",4.95540138751239e-05,FALSE
"837",0.799564171126835,0.825090305187704,822,"ENSG00000182389",4.95540138751239e-05,FALSE
"838",0.799564171126835,1.74453016697452,988,"ENSG00000249669",4.95540138751239e-05,FALSE
"839",0.805797951162089,-1.33062830680596,244,"ENSG00000109920",4.95540138751239e-05,FALSE
"840",0.805797951162089,1.05242744920599,368,"ENSG00000126217",4.95540138751239e-05,FALSE
"841",0.805797951162089,-1.51776288207803,582,"ENSG00000152061",4.95540138751239e-05,FALSE
"842",0.805797951162089,-1.08845649336732,754,"ENSG00000171634",4.95540138751239e-05,FALSE
"843",0.805797951162089,0.421900319636986,895,"ENSG00000197535",4.95540138751239e-05,FALSE
"844",0.812044096988945,-0.134027997264047,96,"ENSG00000072121",4.95540138751239e-05,FALSE
"845",0.812044096988945,-1.36805199652314,127,"ENSG00000081138",4.95540138751239e-05,FALSE
"846",0.812044096988945,-1.52614339880893,243,"ENSG00000109819",4.95540138751239e-05,FALSE
"847",0.812044096988945,0.555614332694933,787,"ENSG00000175387",4.95540138751239e-05,FALSE
"848",0.812044096988945,-0.395641146019628,911,"ENSG00000198363",4.95540138751239e-05,FALSE
"849",0.818302226507621,-0.925789877367947,589,"ENSG00000152578",4.95540138751239e-05,FALSE
"850",0.818302226507621,-0.77496661993078,844,"ENSG00000185630",4.95540138751239e-05,FALSE
"851",0.824571955326546,-0.942041700299811,196,"ENSG00000103494",4.95540138751239e-05,FALSE
"852",0.824571955326546,-0.236886339490372,276,"ENSG00000114021",4.95540138751239e-05,FALSE
"853",0.824571955326546,-1.07313881071182,644,"ENSG00000159307",4.95540138751239e-05,FALSE
"854",0.824571955326546,0.913697966729838,972,"ENSG00000231764",4.95540138751239e-05,FALSE
"855",0.83085289683303,0.523570526268362,22,"ENSG00000020577",4.95540138751239e-05,FALSE
"856",0.83085289683303,0.211879548807907,581,"ENSG00000151914",4.95540138751239e-05,FALSE
"857",0.83085289683303,-0.431397002027609,659,"ENSG00000163092",4.95540138751239e-05,FALSE
"858",0.83085289683303,-0.100430512225326,696,"ENSG00000165164",4.95540138751239e-05,FALSE
"859",0.83085289683303,1.11005467529895,756,"ENSG00000171804",4.95540138751239e-05,FALSE
"860",0.83085289683303,-0.362489637370956,831,"ENSG00000184156",4.95540138751239e-05,FALSE
"861",0.837144662264649,0.275979981022974,155,"ENSG00000091436",4.95540138751239e-05,FALSE
"862",0.837144662264649,-1.08027616314613,311,"ENSG00000117597",4.95540138751239e-05,FALSE
"863",0.837144662264649,-0.122525699119748,396,"ENSG00000131626",4.95540138751239e-05,FALSE
"864",0.837144662264649,0.639270501392243,426,"ENSG00000134874",4.95540138751239e-05,FALSE
"865",0.837144662264649,0.217678496536994,693,"ENSG00000164989",4.95540138751239e-05,FALSE
"866",0.837144662264649,-0.0310468751086113,755,"ENSG00000171681",4.95540138751239e-05,FALSE
"867",0.837144662264649,0.458979748549432,996,"ENSG00000267586",4.95540138751239e-05,FALSE
"868",0.837144662264649,0.0985622549393277,1003,"ENSG00000278540",4.95540138751239e-05,FALSE
"869",0.843446860781309,-0.852809096200364,111,"ENSG00000078043",4.95540138751239e-05,FALSE
"870",0.843446860781309,-0.161909361956887,347,"ENSG00000122591",4.95540138751239e-05,FALSE
"871",0.843446860781309,-0.787798919672941,393,"ENSG00000131242",4.95540138751239e-05,FALSE
"872",0.843446860781309,-64.6031873048241,414,"ENSG00000133703",4.95540138751239e-05,FALSE
"873",0.843446860781309,0.912838085099878,458,"ENSG00000137962",4.95540138751239e-05,FALSE
"874",0.843446860781309,-1.05760559891914,809,"ENSG00000180011",4.95540138751239e-05,FALSE
"875",0.843446860781309,-1.37331999028149,811,"ENSG00000180263",4.95540138751239e-05,FALSE
"876",0.849759099537982,-0.0960141038160529,137,"ENSG00000083857",4.95540138751239e-05,FALSE
"877",0.849759099537982,-1.36012363533111,217,"ENSG00000106052",4.95540138751239e-05,FALSE
"878",0.849759099537982,0.993424815635169,567,"ENSG00000150893",4.95540138751239e-05,FALSE
"879",0.849759099537982,0.183122949985265,627,"ENSG00000157212",4.95540138751239e-05,FALSE
"880",0.849759099537982,0.270502880719071,721,"ENSG00000166669",4.95540138751239e-05,FALSE
"881",0.849759099537982,-1.12528957498307,825,"ENSG00000182718",4.95540138751239e-05,FALSE
"882",0.856080983758075,0.692943850223919,191,"ENSG00000102699",4.95540138751239e-05,FALSE
"883",0.856080983758075,-0.642700737526965,386,"ENSG00000129566",4.95540138751239e-05,FALSE
"884",0.856080983758075,0.189377428399702,619,"ENSG00000156113",4.95540138751239e-05,FALSE
"885",0.862412116807427,-0.143697937226069,306,"ENSG00000116830",4.95540138751239e-05,FALSE
"886",0.862412116807427,0.125776893273208,469,"ENSG00000138496",4.95540138751239e-05,FALSE
"887",0.868752100268899,-0.640377638542915,41,"ENSG00000044459",4.95540138751239e-05,FALSE
"888",0.868752100268899,-0.274431712284049,574,"ENSG00000151320",4.95540138751239e-05,FALSE
"889",0.868752100268899,-0.299179153745648,850,"ENSG00000186472",4.95540138751239e-05,FALSE
"890",0.875100534017536,-26.8821848444488,92,"ENSG00000070808",4.95540138751239e-05,FALSE
"891",0.875100534017536,-2.41073647791801,147,"ENSG00000089101",4.95540138751239e-05,FALSE
"892",0.875100534017536,-1.16509181614876,162,"ENSG00000092445",4.95540138751239e-05,FALSE
"893",0.875100534017536,0.729044770193683,602,"ENSG00000153944",4.95540138751239e-05,FALSE
"894",0.875100534017536,0.348832678927572,646,"ENSG00000160145",4.95540138751239e-05,FALSE
"895",0.875100534017536,1.25193572231638,654,"ENSG00000162664",4.95540138751239e-05,FALSE
"896",0.875100534017536,0.318263603220011,672,"ENSG00000163697",4.95540138751239e-05,FALSE
"897",0.875100534017536,0.756635764290184,711,"ENSG00000166147",4.95540138751239e-05,FALSE
"898",0.875100534017536,-0.00438808942137214,880,"ENSG00000196569",4.95540138751239e-05,FALSE
"899",0.875100534017536,-0.466588466945758,883,"ENSG00000196632",4.95540138751239e-05,FALSE
"900",0.881457016296276,-0.405882323273813,361,"ENSG00000124782",4.95540138751239e-05,FALSE
"901",0.881457016296276,0.472653063202051,728,"ENSG00000168502",4.95540138751239e-05,FALSE
"902",0.881457016296276,1.14382637015445,767,"ENSG00000172869",4.95540138751239e-05,FALSE
"903",0.881457016296276,0.135103655063141,914,"ENSG00000198399",4.95540138751239e-05,FALSE
"904",0.881457016296276,0.0314072532145619,954,"ENSG00000214900",4.95540138751239e-05,FALSE
"905",0.887821143792192,0.609173368712305,67,"ENSG00000061676",4.95540138751239e-05,FALSE
"906",0.887821143792192,-0.0748491486133638,363,"ENSG00000124788",4.95540138751239e-05,FALSE
"907",0.887821143792192,0.552202327870823,520,"ENSG00000144668",4.95540138751239e-05,FALSE
"908",0.887821143792192,-0.053819032225455,606,"ENSG00000154263",4.95540138751239e-05,FALSE
"909",0.887821143792192,-0.161011821771773,776,"ENSG00000173517",4.95540138751239e-05,FALSE
"910",0.887821143792192,-0.561058355087241,854,"ENSG00000187109",4.95540138751239e-05,FALSE
"911",0.894192511713227,-0.15483092106054,54,"ENSG00000050438",4.95540138751239e-05,FALSE
"912",0.894192511713227,-0.721539507292107,88,"ENSG00000069966",4.95540138751239e-05,FALSE
"913",0.894192511713227,-0.191333036538413,255,"ENSG00000111785",4.95540138751239e-05,FALSE
"914",0.894192511713227,-0.0506732711485647,372,"ENSG00000127314",4.95540138751239e-05,FALSE
"915",0.894192511713227,0.362708611834943,374,"ENSG00000127603",4.95540138751239e-05,FALSE
"916",0.894192511713227,0.0318792198334101,519,"ENSG00000144642",4.95540138751239e-05,FALSE
"917",0.894192511713227,-0.318082593463998,521,"ENSG00000144724",4.95540138751239e-05,FALSE
"918",0.900570713865408,-0.529446028082184,789,"ENSG00000175820",4.95540138751239e-05,FALSE
"919",0.906955342730519,-0.440579132023757,121,"ENSG00000079950",4.95540138751239e-05,FALSE
"920",0.906955342730519,-0.589140632501362,197,"ENSG00000103534",4.95540138751239e-05,FALSE
"921",0.906955342730519,-0.732125731896964,344,"ENSG00000122417",4.95540138751239e-05,FALSE
"922",0.906955342730519,-0.280702155097076,647,"ENSG00000160551",4.95540138751239e-05,FALSE
"923",0.906955342730519,-0.268401191639519,681,"ENSG00000164199",4.95540138751239e-05,FALSE
"924",0.906955342730519,0.234380899548306,830,"ENSG00000183775",4.95540138751239e-05,FALSE
"925",0.913345989544192,-0.273250984593219,128,"ENSG00000081479",4.95540138751239e-05,FALSE
"926",0.913345989544192,-0.931292033320602,383,"ENSG00000129116",4.95540138751239e-05,FALSE
"927",0.913345989544192,-0.389422415037536,461,"ENSG00000138162",4.95540138751239e-05,FALSE
"928",0.913345989544192,-0.751341865184521,694,"ENSG00000165124",4.95540138751239e-05,FALSE
"929",0.913345989544192,-0.596167896708938,726,"ENSG00000168314",4.95540138751239e-05,FALSE
"930",0.913345989544192,-0.459074290644899,821,"ENSG00000182256",4.95540138751239e-05,FALSE
"931",0.913345989544192,0.27909882443277,942,"ENSG00000204131",4.95540138751239e-05,FALSE
"932",0.919742244374404,0.778992800369355,80,"ENSG00000066933",4.95540138751239e-05,FALSE
"933",0.919742244374404,0.17635425701225,377,"ENSG00000128512",4.95540138751239e-05,FALSE
"934",0.919742244374404,-0.432934652273634,605,"ENSG00000154262",4.95540138751239e-05,FALSE
"935",0.919742244374404,-0.856998921600109,943,"ENSG00000204842",4.95540138751239e-05,FALSE
"936",0.926143696200357,-0.561165086778251,407,"ENSG00000133313",4.95540138751239e-05,FALSE
"937",0.926143696200357,-1.55963470242949,587,"ENSG00000152270",4.95540138751239e-05,FALSE
"938",0.926143696200357,-1.24994914140111,662,"ENSG00000163430",4.95540138751239e-05,FALSE
"939",0.926143696200357,-0.225921626568432,689,"ENSG00000164742",4.95540138751239e-05,FALSE
"940",0.926143696200357,-0.699496369725914,723,"ENSG00000166750",4.95540138751239e-05,FALSE
"941",0.926143696200357,-1.26462672437287,892,"ENSG00000197085",4.95540138751239e-05,FALSE
"942",0.932549932991704,-1.5514471872078,200,"ENSG00000103995",4.95540138751239e-05,FALSE
"943",0.932549932991704,-1.09243498956156,301,"ENSG00000116127",4.95540138751239e-05,FALSE
"944",0.932549932991704,-0.259845925746443,419,"ENSG00000133958",4.95540138751239e-05,FALSE
"945",0.932549932991704,-0.331136853835309,488,"ENSG00000140479",4.95540138751239e-05,FALSE
"946",0.932549932991704,-1.15823990861946,802,"ENSG00000178662",4.95540138751239e-05,FALSE
"947",0.932549932991704,0.214589157505316,886,"ENSG00000196876",4.95540138751239e-05,FALSE
"948",0.9389605417881,0.427598113238107,1,"ENSG00000002587",4.95540138751239e-05,FALSE
"949",0.9389605417881,0.704346210630348,349,"ENSG00000123104",4.95540138751239e-05,FALSE
"950",0.9389605417881,-1.63340795546224,523,"ENSG00000144821",4.95540138751239e-05,FALSE
"951",0.9389605417881,-0.417180656603577,563,"ENSG00000150394",4.95540138751239e-05,FALSE
"952",0.9389605417881,-0.258181976253493,573,"ENSG00000151247",4.95540138751239e-05,FALSE
"953",0.9389605417881,-1.36323350135075,698,"ENSG00000165209",4.95540138751239e-05,FALSE
"954",0.9389605417881,0.0606799190349179,820,"ENSG00000182150",4.95540138751239e-05,FALSE
"955",0.945375108779065,0.531120701584911,73,"ENSG00000065183",4.95540138751239e-05,FALSE
"956",0.945375108779065,-0.737055382021708,290,"ENSG00000115252",4.95540138751239e-05,FALSE
"957",0.945375108779065,-0.642996120215212,578,"ENSG00000151576",4.95540138751239e-05,FALSE
"958",0.945375108779065,-0.830882116750043,913,"ENSG00000198393",4.95540138751239e-05,FALSE
"959",0.95179321938411,-0.406079699915914,376,"ENSG00000128487",4.95540138751239e-05,FALSE
"960",0.95179321938411,0.742154067784352,399,"ENSG00000132549",4.95540138751239e-05,FALSE
"961",0.95179321938411,-0.306477176876459,490,"ENSG00000140718",4.95540138751239e-05,FALSE
"962",0.95179321938411,-0.317463494426381,541,"ENSG00000146373",4.95540138751239e-05,FALSE
"963",0.95179321938411,0.515250228526114,610,"ENSG00000154380",4.95540138751239e-05,FALSE
"964",0.95179321938411,2.07680725539392,761,"ENSG00000172339",4.95540138751239e-05,FALSE
"965",0.95179321938411,0.239354135971698,888,"ENSG00000196935",4.95540138751239e-05,FALSE
"966",0.95179321938411,-0.794372192096439,955,"ENSG00000214944",4.95540138751239e-05,FALSE
"967",0.95179321938411,-0.0612743445238699,969,"ENSG00000229981",4.95540138751239e-05,FALSE
"968",0.95179321938411,-0.448136491561009,985,"ENSG00000247556",4.95540138751239e-05,FALSE
"969",0.958214458333119,-1.41368386104318,28,"ENSG00000029534",4.95540138751239e-05,FALSE
"970",0.958214458333119,-1.1284982405008,118,"ENSG00000079156",4.95540138751239e-05,FALSE
"971",0.958214458333119,-0.16563576990881,141,"ENSG00000085382",4.95540138751239e-05,FALSE
"972",0.958214458333119,0.273408552960134,545,"ENSG00000147202",4.95540138751239e-05,FALSE
"973",0.958214458333119,1.79054294111813,572,"ENSG00000151229",4.95540138751239e-05,FALSE
"974",0.958214458333119,0.0696820698492395,733,"ENSG00000169057",4.95540138751239e-05,FALSE
"975",0.964638409746956,-1.59446915184647,166,"ENSG00000096696",4.95540138751239e-05,FALSE
"976",0.964638409746956,0.742911638094263,281,"ENSG00000114770",4.95540138751239e-05,FALSE
"977",0.964638409746956,-0.959608649165794,448,"ENSG00000137073",4.95540138751239e-05,FALSE
"978",0.964638409746956,-0.272750514811591,571,"ENSG00000151150",4.95540138751239e-05,FALSE
"979",0.964638409746956,0.596813981078771,671,"ENSG00000163681",4.95540138751239e-05,FALSE
"980",0.964638409746956,0.0389249677265617,708,"ENSG00000165914",4.95540138751239e-05,FALSE
"981",0.964638409746956,0.771626751038109,797,"ENSG00000177640",4.95540138751239e-05,FALSE
"982",0.971064657218267,0.873541832953538,462,"ENSG00000138193",4.95540138751239e-05,FALSE
"983",0.971064657218267,1.33812772597415,482,"ENSG00000139364",4.95540138751239e-05,FALSE
"984",0.971064657218267,-0.371795787614829,791,"ENSG00000176406",4.95540138751239e-05,FALSE
"985",0.971064657218267,-0.340433146819489,864,"ENSG00000188848",4.95540138751239e-05,FALSE
"986",0.977492783892452,-0.648160710453745,24,"ENSG00000021826",4.95540138751239e-05,FALSE
"987",0.977492783892452,-1.60463288131995,83,"ENSG00000067798",4.95540138751239e-05,FALSE
"988",0.977492783892452,-1.54409414349334,636,"ENSG00000158417",4.95540138751239e-05,FALSE
"989",0.977492783892452,-0.231563544522434,801,"ENSG00000178568",4.95540138751239e-05,FALSE
"990",0.983922372548783,0.588360666192617,49,"ENSG00000048707",4.95540138751239e-05,FALSE
"991",0.983922372548783,0.69770866147174,60,"ENSG00000054654",4.95540138751239e-05,FALSE
"992",0.983922372548783,-0.402738518951274,370,"ENSG00000127124",4.95540138751239e-05,FALSE
"993",0.983922372548783,-1.62163525207801,608,"ENSG00000154305",4.95540138751239e-05,FALSE
"994",0.983922372548783,-1.08011279654329,849,"ENSG00000186409",4.95540138751239e-05,FALSE
"995",0.983922372548783,-0.583116910399927,1005,"ENSG00000279110",4.95540138751239e-05,FALSE
"996",0.990353005681647,-0.299594395411766,291,"ENSG00000115306",4.95540138751239e-05,FALSE
"997",0.990353005681647,-0.0868516256447762,325,"ENSG00000119547",4.95540138751239e-05,FALSE
"998",0.990353005681647,3.22478827530397,685,"ENSG00000164506",4.95540138751239e-05,FALSE
"999",0.990353005681647,-0.20748554962433,906,"ENSG00000198160",4.95540138751239e-05,FALSE
"1000",0.990353005681647,-0.67720427385607,958,"ENSG00000221866",4.95540138751239e-05,FALSE
"1001",0.996784265581873,-1.13059848710827,27,"ENSG00000026508",4.95540138751239e-05,FALSE
"1002",0.996784265581873,0.0234767404735479,101,"ENSG00000075391",4.95540138751239e-05,FALSE
"1003",0.996784265581873,0.934483349825747,202,"ENSG00000104133",4.95540138751239e-05,FALSE
"1004",0.996784265581873,0.414740013160419,221,"ENSG00000106278",4.95540138751239e-05,FALSE
"1005",0.996784265581873,-0.198192222570608,450,"ENSG00000137501",4.95540138751239e-05,FALSE
"1006",0.996784265581873,-0.928829633576761,641,"ENSG00000159082",4.95540138751239e-05,FALSE
"1007",0.996784265581873,-0.0322549875907541,660,"ENSG00000163214",4.95540138751239e-05,FALSE
"1008",1,-1.39934076418009,318,"ENSG00000118482",4.95540138751239e-05,FALSE
"1009",1,-1.0480996446414,500,"ENSG00000142621",4.95540138751239e-05,FALSE
